config,arm,M,n,B,fid_raw_fullM,dfid_fullM,fid_raw_boot_mean,fid_raw_boot_sd,dfid_boot_mean,dfid_boot_sd,dfid_ci_lo,dfid_ci_hi,frac_positive,ratio_absdelta_to_rawsd
iDDPM,wrap-tail,100000,50000,200,2.7427357285696417,-0.0020362867010135233,3.3838633452751092,0.035004680525341406,-0.0020132401317727046,0.000789554826309735,-0.0035663652784222676,-0.00037595152785740955,0.01,0.057513455388208234
iDDPM,wrap-tail-hardclip,100000,50000,200,2.7427357285696417,-0.001345378309906664,3.3838633452751092,0.035004680525341406,-0.0013005828086153316,0.0005450314771627314,-0.0024532951837059613,-0.00024673615963166585,0.0,0.03715454016710089
iDDPM,wrap-full,100000,50000,200,2.7427357285696417,0.07487639924801215,3.3838633452751092,0.035004680525341406,0.07398740348597216,0.011541310331171907,0.05309090290871268,0.09497111483174622,1.0,2.113643157874544
EDM,wrap-tail,100000,50000,200,2.0491702950722583,0.002262438937236766,2.698110046845103,0.033320013627132494,0.002259934002640307,0.00027001121968720247,0.001732082775177446,0.0027744093387227055,1.0,0.06782512240031145
EDM,wrap-tail-hardclip,100000,50000,200,2.0491702950722583,0.0022628013874737007,2.698110046845103,0.033320013627132494,0.002260228982736692,0.00026994184018618126,0.0017314924870305503,0.0027698014284894155,1.0,0.06783397534075998
EDM,wrap-full,100000,50000,200,2.0491702950722583,0.179541666648106,2.698110046845103,0.033320013627132494,0.17973816985628105,0.0044748036827243366,0.1708792573230653,0.1873030015382227,1.0,5.394300610667225
EDM2-S,wrap-tail,100000,50000,200,2.708723680348726,0.0013965638004833636,3.358273436013241,0.04280598296459004,0.0014060236995999276,0.00021986522400975993,0.000982895969917763,0.001831704439004511,1.0,0.032846429452701005
EDM2-S,wrap-tail-hardclip,100000,50000,200,2.708723680348726,0.0013975274255244585,3.358273436013241,0.04280598296459004,0.0014071289090747995,0.00021974424881668437,0.0009845662110095077,0.0018340244598078926,1.0,0.03287224849476776
EDM2-S,wrap-full,100000,50000,200,2.708723680348726,0.15954951039157095,3.358273436013241,0.04280598296459004,0.1595573429667553,0.0037369209919487683,0.1524298403444476,0.16640687668957668,1.0,3.7274542462614235
EDM2-M,wrap-tail,100000,50000,200,2.7334143392161536,9.2434037867406e-05,3.388084142732962,0.04646218052957144,8.629882075211981e-05,9.887399847428223e-05,-9.727876496441467e-05,0.00028229964993187195,0.81,0.001857399281921214
EDM2-M,wrap-tail-hardclip,100000,50000,200,2.7334143392161536,0.00018742243133829106,3.388084142732962,0.04646218052957144,0.00018660534986594257,9.271654397577454e-05,1.0730070438569329e-05,0.000376622093376966,0.985,0.004016284809258473
EDM2-M,wrap-full,100000,50000,200,2.7334143392161536,0.04993979089357481,3.388084142732962,0.04646218052957144,0.0499379253432943,0.00196260366901367,0.04575301403183971,0.05359663010239473,1.0,1.0748080433183862
StyleGAN-XL,wrap-tail,100000,50000,200,3.1813244834822854,9.075528646462772e-05,3.830257132229986,0.03885380761609462,9.040377323998427e-05,7.402614968693583e-05,-6.985379263966251e-05,0.00024303214747050113,0.915,0.0023267674080554163
StyleGAN-XL,wrap-tail-hardclip,100000,50000,200,3.1813244834822854,9.80979046403263e-05,3.830257132229986,0.03885380761609462,9.801422210557575e-05,6.000823460831552e-05,-3.4880541079473915e-05,0.00021317865022609813,0.945,0.0025226413605078644
StyleGAN-XL,wrap-full,100000,50000,200,3.1813244834822854,0.12152297658496991,3.830257132229986,0.03885380761609462,0.12143940151640834,0.002005605741223635,0.11771972100338246,0.12533476879458902,1.0,3.1255469918501335
DiT-cfg1.5,wrap-tail,50000,50000,200,3.107024614925649,-0.00021245191260277352,3.747657293215644,0.04702332565280705,-0.00021640077098254552,0.00016429975755547112,-0.000535347043100387,7.882539523507158e-05,0.07,0.004601987800274342
DiT-cfg1.5,wrap-tail-hardclip,50000,50000,200,3.107024614925649,-9.454046215751077e-05,3.747657293215644,0.04702332565280705,-9.480377991422983e-05,0.00013030937632594613,-0.0003362642125480875,0.00012492970234063725,0.225,0.0020161011284953755
DiT-cfg1.5,wrap-full,50000,50000,200,3.107024614925649,0.1855673270637226,3.747657293215644,0.04702332565280705,0.18719393669495218,0.023465835105712273,0.14616369252096745,0.23199354778860057,1.0,3.9808740470013455
DiT-cfg1.0,wrap-tail,50000,50000,200,3.136928687895363,0.0005153353798732496,3.769478780402878,0.04010249307063045,0.0005330814448572596,0.0003863237752859049,-8.071973689283138e-05,0.0013603502323974227,0.915,0.013292975175343108
DiT-cfg1.0,wrap-tail-hardclip,50000,50000,200,3.136928687895363,0.0004840170345801198,3.769478780402878,0.04010249307063045,0.0004851919608057642,0.00026526649397534425,4.355187778628533e-05,0.0009837713892636658,0.985,0.01209879794633268
DiT-cfg1.0,wrap-full,50000,50000,200,3.136928687895363,0.17747543290084877,3.769478780402878,0.04010249307063045,0.17835691460175865,0.017344940814802753,0.14987133772072098,0.2126977531122094,1.0,4.447526847959996
REAL-POOL,wrap-tail,100000,50000,200,0.38784984317209137,-1.7236768940165348e-05,1.0418698663330879,0.0073954824013900385,-1.0650797878213324e-05,5.4702121039513074e-05,-9.954237346221362e-05,0.00010628962059229255,0.37,0.0014401762184183447
REAL-POOL,wrap-tail-hardclip,100000,50000,200,0.38784984317209137,-1.6837092118748842e-05,1.0418698663330879,0.0073954824013900385,-1.3484133579879654e-05,2.8484774653570694e-05,-6.817522842510471e-05,3.637856478064808e-05,0.31,0.0018232933090808526
REAL-POOL,wrap-full,100000,50000,200,0.38784984317209137,0.04749260649862208,1.0418698663330879,0.0073954824013900385,0.047200894566206554,0.0091015881449587,0.03343219049368429,0.0676213018861958,1.0,6.382395630788706
