config,variant,M,n_touched,n_reverted,fid_raw_sub,fid_sub,dfid_sub,fid_full,kid_mean,kid_std,fmd_sub,dfid_boot_mean,dfid_boot_sd,dfid_ci_lo,dfid_ci_hi,fid_raw_boot_sd,rho3_raw,rho3_remap,rho3_img,rho3_lo,rho3_hi,rho3_verdict,k3,rho4_img,rho4_lo,rho4_hi,rho4_verdict,k4,ssim_min,n_ssim_lt_080,n_ssim_lt_090,n_residual_gt_005_u8,precision_before,precision_after,sat_before,sat_after
iDDPM,wrap-tail,100000,1000,0,3.0668601573482874,3.065266909063155,-0.0015932482851326313,2.740699441870504,0.001342308521270752,0.00025738726658827607,3.745884927186836,-0.0020132401317727046,0.000789554826309735,-0.0035663652784222676,-0.00037595152785740955,0.035004680525341406,0.17,0.99,0.98,0.7948461301767634,1.2018665795414933,calibrated,98,0.6,0.25587015736876234,1.3180765293695358,calibrated,6,0.24660155177116394,11,46,5,0.632,0.615,0.03832942708333333,0.16761881510416668
iDDPM,guard-res,100000,1000,5,3.0668601573482874,3.065424735754391,-0.0014354215938965353,2.7410420381611402,0.001342308521270752,0.00025738726658827607,3.7459047929527287,-0.0017000047211629976,0.0007702585974063491,-0.0032552435857326144,-0.00012627008053414055,0.035004680525341406,0.17,0.99,0.98,0.7948461301767634,1.2018665795414933,calibrated,98,0.6,0.25587015736876234,1.3180765293695358,calibrated,6,0.4455431401729584,8,42,0,0.632,0.617,0.03832942708333333,0.16354915364583333
iDDPM,guard-res+ssim,100000,1000,13,3.0668601573482874,3.0651708586256063,-0.0016892987226810874,2.7409814236473835,0.001342184543609619,0.0002573500843473795,3.7461201365271677,-0.0017551171659525267,0.0007226800651646276,-0.0032769951366702797,-0.00035817199783707524,0.035004680525341406,0.17,0.99,0.96,0.7770983811885307,1.1796469846802835,calibrated,96,0.5,0.19846237142768847,1.1771287623868625,calibrated,5,0.8036465644836426,0,34,0,0.632,0.616,0.03832942708333333,0.15924641927083333
EDM,wrap-tail,100000,1000,0,2.3568292506618604,2.3592154023669423,0.0023861517050818293,2.0514327340064256,0.0009130358695983887,0.0002880854230128781,0.6353704251641261,0.002259934002640307,0.00027001121968720247,0.001732082775177446,0.0027744093387227055,0.033320013627132494,1.8099999999999998,0.99,0.98,0.7948461301767634,1.2018665795414933,calibrated,98,0.6,0.25587015736876234,1.3180765293695358,calibrated,6,0.671757161617279,5,25,0,0.673,0.669,0.1410914713541667,0.0004593098958333334
EDM,guard-res,100000,1000,0,2.3568292506618604,2.3592154023669423,0.0023861517050818293,2.0514327340064256,0.0009130358695983887,0.0002880854230128781,0.6353704251641261,0.002259934002640307,0.00027001121968720247,0.001732082775177446,0.0027744093387227055,0.033320013627132494,1.8099999999999998,0.99,0.98,0.7948461301767634,1.2018665795414933,calibrated,98,0.6,0.25587015736876234,1.3180765293695358,calibrated,6,0.671757161617279,5,25,0,0.673,0.669,0.1410914713541667,0.0004593098958333334
EDM,guard-res+ssim,100000,1000,5,2.3568292506618604,2.3592002445532785,0.0023709938914180384,2.051405197378358,0.0009130072593688964,0.0002880734435663353,0.6353482702328108,0.0022335523356025533,0.0002717527431998784,0.001690934044547987,0.002738983052013566,0.033320013627132494,1.8099999999999998,0.99,0.98,0.7948461301767634,1.2018665795414933,calibrated,98,0.6,0.25587015736876234,1.3180765293695358,calibrated,6,0.832107424736023,0,20,0,0.673,0.667,0.1410914713541667,0.0020432942708333334
EDM2-S,wrap-tail,100000,1000,0,3.0237335150657714,3.0254364279193737,0.0017029128536023563,2.710120244149209,0.0016937828063964843,0.0004603829118515821,0.6748296571946355,0.0014060236995999276,0.00021986522400975993,0.000982895969917763,0.001831704439004511,0.04280598296459004,1.47,0.99,0.99,0.8037266096190128,1.2129698022067565,calibrated,99,0.6,0.25587015736876234,1.3180765293695358,calibrated,6,0.8603148460388184,0,5,0,0.709,0.707,0.1313408203125,0.0008375651041666667
EDM2-S,guard-res,100000,1000,0,3.0237335150657714,3.0254364279193737,0.0017029128536023563,2.710120244149209,0.0016937828063964843,0.0004603829118515821,0.6748296571946355,0.0014060236995999276,0.00021986522400975993,0.000982895969917763,0.001831704439004511,0.04280598296459004,1.47,0.99,0.99,0.8037266096190128,1.2129698022067565,calibrated,99,0.6,0.25587015736876234,1.3180765293695358,calibrated,6,0.8603148460388184,0,5,0,0.709,0.707,0.1313408203125,0.0008375651041666667
EDM2-S,guard-res+ssim,100000,1000,0,3.0237335150657714,3.0254364279193737,0.0017029128536023563,2.710120244149209,0.0016937828063964843,0.0004603829118515821,0.6748296571946355,0.0014060236995999276,0.00021986522400975993,0.000982895969917763,0.001831704439004511,0.04280598296459004,1.47,0.99,0.99,0.8037266096190128,1.2129698022067565,calibrated,99,0.6,0.25587015736876234,1.3180765293695358,calibrated,6,0.8603148460388184,0,5,0,0.709,0.707,0.1313408203125,0.0008375651041666667
EDM2-M,wrap-tail,100000,1000,0,3.0571824894328756,3.057284525819,0.00010203638612438226,2.7335067732524294,0.001912837028503418,0.00045870408301203045,0.6941136490802648,8.629882075211981e-05,9.887399847428223e-05,-9.727876496441467e-05,0.00028229964993187195,0.04646218052957144,0.82,0.99,0.99,0.8037266096190128,1.2129698022067565,calibrated,99,0.6,0.25587015736876234,1.3180765293695358,calibrated,6,0.940057635307312,0,0,0,0.76,0.758,0.12661946614583333,0.08160481770833335
EDM2-M,guard-res,100000,1000,0,3.0571824894328756,3.057284525819,0.00010203638612438226,2.7335067732524294,0.001912837028503418,0.00045870408301203045,0.6941136490802648,8.629882075211981e-05,9.887399847428223e-05,-9.727876496441467e-05,0.00028229964993187195,0.04646218052957144,0.82,0.99,0.99,0.8037266096190128,1.2129698022067565,calibrated,99,0.6,0.25587015736876234,1.3180765293695358,calibrated,6,0.940057635307312,0,0,0,0.76,0.758,0.12661946614583333,0.08160481770833335
EDM2-M,guard-res+ssim,100000,1000,0,3.0571824894328756,3.057284525819,0.00010203638612438226,2.7335067732524294,0.001912837028503418,0.00045870408301203045,0.6941136490802648,8.629882075211981e-05,9.887399847428223e-05,-9.727876496441467e-05,0.00028229964993187195,0.04646218052957144,0.82,0.99,0.99,0.8037266096190128,1.2129698022067565,calibrated,99,0.6,0.25587015736876234,1.3180765293695358,calibrated,6,0.940057635307312,0,0,0,0.76,0.758,0.12661946614583333,0.08160481770833335
StyleGAN-XL,wrap-tail,100000,1000,0,3.539375726968217,3.5394152296914285,3.950272321162629e-05,3.1814152387699437,0.002245635986328125,0.0004283078489495597,0.3805615094266841,9.040377323998427e-05,7.402614968693583e-05,-6.985379263966251e-05,0.00024303214747050113,0.03885380761609462,1.03,0.99,1.03,0.8392909279436952,1.2573404925561469,calibrated,103,0.6,0.25587015736876234,1.3180765293695358,calibrated,6,0.9862430095672607,0,0,0,0.675,0.678,0.13971614583333333,0.12665201822916666
StyleGAN-XL,guard-res,100000,1000,0,3.539375726968217,3.5394152296914285,3.950272321162629e-05,3.1814152387699437,0.002245635986328125,0.0004283078489495597,0.3805615094266841,9.040377323998427e-05,7.402614968693583e-05,-6.985379263966251e-05,0.00024303214747050113,0.03885380761609462,1.03,0.99,1.03,0.8392909279436952,1.2573404925561469,calibrated,103,0.6,0.25587015736876234,1.3180765293695358,calibrated,6,0.9862430095672607,0,0,0,0.675,0.678,0.13971614583333333,0.12665201822916666
StyleGAN-XL,guard-res+ssim,100000,1000,0,3.539375726968217,3.5394152296914285,3.950272321162629e-05,3.1814152387699437,0.002245635986328125,0.0004283078489495597,0.3805615094266841,9.040377323998427e-05,7.402614968693583e-05,-6.985379263966251e-05,0.00024303214747050113,0.03885380761609462,1.03,0.99,1.03,0.8392909279436952,1.2573404925561469,calibrated,103,0.6,0.25587015736876234,1.3180765293695358,calibrated,6,0.9862430095672607,0,0,0,0.675,0.678,0.13971614583333333,0.12665201822916666
DiT-cfg1.5,wrap-tail,50000,500,0,3.107024614930367,3.1068121630146948,-0.00021245191567231814,3.1068121630146948,0.0020369482040405273,0.0005093215099812075,0.6441824587250551,-0.00021640077098254552,0.00016429975755547112,-0.000535347043100387,7.882539523507158e-05,0.04702332565280705,0.98,0.98,0.98,0.7343756322148646,1.3006205625888563,calibrated,49,0.6,0.18821771232818257,1.769596914297967,calibrated,3,0.9073622226715088,0,0,0,0.7,0.692,0.10773958333333335,0.1289029947916667
DiT-cfg1.5,guard-res,50000,500,0,3.107024614930367,3.1068121630146948,-0.00021245191567231814,3.1068121630146948,0.0020369482040405273,0.0005093215099812075,0.6441824587250551,-0.00021640077098254552,0.00016429975755547112,-0.000535347043100387,7.882539523507158e-05,0.04702332565280705,0.98,0.98,0.98,0.7343756322148646,1.3006205625888563,calibrated,49,0.6,0.18821771232818257,1.769596914297967,calibrated,3,0.9073622226715088,0,0,0,0.7,0.692,0.10773958333333335,0.1289029947916667
DiT-cfg1.5,guard-res+ssim,50000,500,0,3.107024614930367,3.1068121630146948,-0.00021245191567231814,3.1068121630146948,0.0020369482040405273,0.0005093215099812075,0.6441824587250551,-0.00021640077098254552,0.00016429975755547112,-0.000535347043100387,7.882539523507158e-05,0.04702332565280705,0.98,0.98,0.98,0.7343756322148646,1.3006205625888563,calibrated,49,0.6,0.18821771232818257,1.769596914297967,calibrated,3,0.9073622226715088,0,0,0,0.7,0.692,0.10773958333333335,0.1289029947916667
DiT-cfg1.0,wrap-tail,50000,500,0,3.136928687894681,3.137444023277112,0.0005153353824312035,3.137444023277112,0.0013881444931030274,0.0003418135843479391,0.5297902548505817,0.0005330814448572596,0.0003863237752859049,-8.071973689283138e-05,0.0013603502323974227,0.04010249307063045,0.64,0.98,0.98,0.7343756322148646,1.3006205625888563,calibrated,49,0.6,0.18821771232818257,1.769596914297967,calibrated,3,0.7731377482414246,1,8,0,0.68,0.662,0.09427213541666667,0.182228515625
DiT-cfg1.0,guard-res,50000,500,0,3.136928687894681,3.137444023277112,0.0005153353824312035,3.137444023277112,0.0013881444931030274,0.0003418135843479391,0.5297902548505817,0.0005330814448572596,0.0003863237752859049,-8.071973689283138e-05,0.0013603502323974227,0.04010249307063045,0.64,0.98,0.98,0.7343756322148646,1.3006205625888563,calibrated,49,0.6,0.18821771232818257,1.769596914297967,calibrated,3,0.7731377482414246,1,8,0,0.68,0.662,0.09427213541666667,0.182228515625
DiT-cfg1.0,guard-res+ssim,50000,500,1,3.136928687894681,3.1374366255058135,0.0005079376111325473,3.1374366255058135,0.0013881516456604004,0.0003417986978179332,0.5297975138506388,0.0005234092592473871,0.00039005517358981325,-0.00011136017125608077,0.0013662843476339504,0.04010249307063045,0.64,0.98,0.98,0.7343756322148646,1.3006205625888563,calibrated,49,0.6,0.18821771232818257,1.769596914297967,calibrated,3,0.8069137334823608,0,7,0,0.68,0.664,0.09427213541666667,0.18138346354166665
REAL-POOL,wrap-tail,100000,1000,0,0.7157719862937029,0.7157323481877711,-3.963810593177186e-05,0.38783260640451545,7.829666137695313e-06,0.00011457450202919455,0.013749263226202402,-1.0650797878213324e-05,5.4702121039513074e-05,-9.954237346221362e-05,0.00010628962059229255,0.0073954824013900385,1.01,0.99,1.01,0.8215004241856922,1.2351634520115398,calibrated,101,0.6,0.25587015736876234,1.3180765293695358,calibrated,6,0.30099213123321533,1,1,3,0.658,0.66,0.13734375,0.15110904947916665
REAL-POOL,guard-res,100000,1000,2,0.7157719862937029,0.7157323481877711,-3.963810593177186e-05,0.38783889167331154,7.829666137695313e-06,0.00011457450202919455,0.013749263226202402,-6.803295880217775e-06,4.3202785348147345e-05,-8.567433083328524e-05,7.482729514549647e-05,0.0073954824013900385,1.01,0.99,1.01,0.8215004241856922,1.2351634520115398,calibrated,101,0.6,0.25587015736876234,1.3180765293695358,calibrated,6,0.9599834680557251,0,0,1,0.658,0.66,0.13734375,0.15046875
REAL-POOL,guard-res+ssim,100000,1000,2,0.7157719862937029,0.7157323481877711,-3.963810593177186e-05,0.38783889167331154,7.829666137695313e-06,0.00011457450202919455,0.013749263226202402,-6.803295880217775e-06,4.3202785348147345e-05,-8.567433083328524e-05,7.482729514549647e-05,0.0073954824013900385,1.01,0.99,1.01,0.8215004241856922,1.2351634520115398,calibrated,101,0.6,0.25587015736876234,1.3180765293695358,calibrated,6,0.9599834680557251,0,0,1,0.658,0.66,0.13734375,0.15046875
