config,arm,M,fid_raw,fid_arm,dFID,dFID_pct,dKID,dFMD,rho3_raw,rho3_arm,verdict_raw,verdict_arm,frac_modified,mean_abs_pix,within005
iDDPM,wrap-tail,100000,3.0668601573482874,3.06526698821375,-0.00159316913453722,-0.05194788978949496,-6.198883059985172e-08,-0.001510149638904057,0.17,0.98,under,calibrated,0.01,6.635811848958333,0.995
EDM,wrap-tail,100000,2.3568292506618604,2.359215487776737,0.0023862371148766215,0.1012477723707181,2.7394294738999946e-06,-0.0005066118783645379,1.81,0.98,over,calibrated,0.01,3.1103606770833334,1.0
EDM2-S,wrap-tail,100000,3.023733515065772,3.0254364480429103,0.001702932977138527,0.05631888420899701,2.346038818399959e-06,-0.00033339473731075486,1.47,0.99,over,calibrated,0.00999,1.8339276776776776,1.0
EDM2-M,wrap-tail,100000,3.057182489432876,3.057284196346074,0.00010170691319810743,0.003326818518346761,-2.622604370000961e-08,-2.1626028910759487e-05,0.82,0.99,calibrated,calibrated,0.00747,0.4288268525490852,1.0
StyleGAN-XL,wrap-tail,100000,3.539375726968217,3.539415554865627,3.982789741030501e-05,0.0011252802890305482,6.198883059985172e-08,4.655412143961257e-05,1.03,1.03,calibrated,calibrated,0.00307,0.1356308530130293,1.0
DiT-cfg1.5,wrap-tail,50000,3.107024614930367,3.1068122640859883,-0.0002123508443787614,-0.006834540137156927,-4.6491622930026205e-07,-4.149098990069433e-05,0.98,0.98,calibrated,calibrated,0.00908,0.6650971400055066,1.0
DiT-cfg1.0,wrap-tail,50000,3.136928687894681,3.1374442251564005,0.0005155372617196008,0.016434459084423706,6.079673767001373e-07,-0.001563026670595491,0.64,0.98,under,calibrated,0.01,2.727862630208333,1.0
REAL-POOL,wrap-tail,100000,0.7157719862937029,0.7157321944941373,-3.9791799565591646e-05,-0.005559284287114287,2.1457672119141438e-08,1.3586124026699828e-05,1.01,1.01,calibrated,calibrated,0.00852,0.4228687555017605,0.997
iDDPM,wrap-full,100000,3.0668601573482874,3.143885997736618,0.07702584038833038,2.5115537206277305,0.00011556148529049998,-0.17290097792809522,0.17,0.98,under,calibrated,1.0,3.884891005859375,0.99907
iDDPM,wrap-tail-hardclip,100000,3.0668601573482874,3.06564048760049,-0.001219669747797525,-0.039769330364645424,-3.886222839999745e-07,-0.00034573352400002477,0.17,0.59,under,under,0.01,4.830776041666667,0.211
EDM,wrap-full,100000,2.3568292506618604,2.5418560479434404,0.18502679728158,7.850666196103071,0.00018700838088989992,0.10718151692543643,1.81,0.98,over,calibrated,0.99682,2.143811382696976,1.0
EDM,wrap-tail-hardclip,100000,2.3568292506618604,2.3592154224672868,0.0023861718054263292,0.10124500129808846,2.768039703299999e-06,-0.0005067231683426598,1.81,0.98,over,calibrated,0.01,3.110274088541667,1.0
EDM2-S,wrap-full,100000,3.023733515065772,3.1831471894816445,0.15941367441587273,5.272080810745823,0.00018632888793939989,0.08309330147804417,1.47,0.99,over,calibrated,0.99712,1.697556550756805,1.0
EDM2-S,wrap-tail-hardclip,100000,3.023733515065772,3.0254375770739443,0.0017040620081725244,0.056356223181772615,2.3484230040999535e-06,-0.00033356893979430424,1.47,0.99,over,calibrated,0.00999,1.8339179022772771,1.0
EDM2-M,wrap-full,100000,3.057182489432876,3.1079051591092366,0.05072266967636052,1.659131237722412,6.954908370969989e-05,0.004476211710141342,0.82,0.99,calibrated,calibrated,0.97876,0.6821425721650779,1.0
EDM2-M,wrap-tail-hardclip,100000,3.057182489432876,3.057371471604938,0.00018898217206197998,0.006181579696835081,1.0728836059999657e-07,-3.366608993360387e-05,0.82,0.94,calibrated,calibrated,0.0074,0.3793325063344595,0.946
StyleGAN-XL,wrap-full,100000,3.539375726968217,3.661746821727832,0.12237109475961505,3.457420296670129,0.00012198448181149988,0.0431446524246723,1.03,1.03,calibrated,calibrated,0.99239,0.6476507216007568,1.0
StyleGAN-XL,wrap-tail-hardclip,100000,3.539375726968217,3.5394435778358684,6.785086765148662e-05,0.00191702924147041,1.0728836059977973e-07,4.975238377369351e-05,1.03,1.03,calibrated,calibrated,0.00296,0.124171901393581,0.994
DiT-cfg1.5,wrap-full,50000,3.107024614930367,3.2925919419861884,0.18556732705582135,5.972509073925704,6.431341171259965e-05,0.0527256350388825,0.98,0.98,calibrated,calibrated,0.98868,0.5498007892046297,0.9964
DiT-cfg1.5,wrap-tail-hardclip,50000,3.107024614930367,3.106930439069856,-9.417586051085891e-05,-0.0030310625818125206,-2.7418136600010357e-07,-1.4557537639348084e-05,0.98,0.98,calibrated,calibrated,0.00894,0.5177565424589858,0.842
DiT-cfg1.0,wrap-full,50000,3.136928687894681,3.3144041207959845,0.17747543290130352,5.657617706968481,1.3327598571800025e-05,-0.014947378301314984,0.64,0.98,under,calibrated,0.9907,1.2553915016423574,0.99666
DiT-cfg1.0,wrap-tail-hardclip,50000,3.136928687894681,3.137412196956973,0.00048350906229188695,0.015413454062814202,3.266334534001228e-07,-0.0009277474251234707,0.64,0.82,under,calibrated,0.01,1.9763014322916668,0.422
REAL-POOL,wrap-full,100000,0.7157719862937029,0.7683610297607402,0.0525890434670373,7.347178217932997,1.0156631469726558e-06,0.007947400806500499,1.01,1.01,calibrated,calibrated,0.10088,0.6213635437834556,0.99794
REAL-POOL,wrap-tail-hardclip,100000,0.7157719862937029,0.7157524790940215,-1.9507199681356724e-05,-0.00272533712619375,-9.536743164062297e-09,1.0044865859900123e-05,1.01,1.01,calibrated,calibrated,0.00809,0.2644734046662546,0.949
