config,arm,M,n_sub,n_transported,frac_transported,fid_sub,fid_full,kid_mean,kid_std,fmd_sub,fmd_full,rho3_raw,rho3_remap,rho3_img,rho3_lo,rho3_hi,rho3_verdict,k3,rho4_raw,rho4_remap,rho4_img,rho4_lo,rho4_hi,rho4_verdict,k4,n_modified,frac_modified,mean_l2_modified,max_l2,mean_abs_pix_modified,oor0,sev_err_med,sev_err_p95,sev_err_max,sev_within_005,sev_err_u8_med,sev_err_u8_p95,sev_u8_within_005,n_ref,seconds
iDDPM,wrap-full,100000,50000,100000,1.0,3.143885997736618,2.8176121278214623,0.0014579367637634277,0.0002792195467298596,3.5744940988976452,3.6019767684268515,0.17,0.99,0.98,0.7948461301767634,1.2018665795414933,calibrated,98,0.1,0.6,0.6,0.25587015736876234,1.3180765293695358,calibrated,6,100000,1.0,260.7817807825047,5338.966847621364,3.884891005859375,0.011234938151041667,0.0,1.7763568394002505e-15,5.908962763282911,0.99907,0.0008400014357903274,0.0024967814752480766,0.99907,540583,48.5
iDDPM,wrap-tail-hardclip,100000,50000,1000,0.01,3.06564048760049,2.7413903678752263,0.0013419866561889648,0.00025733463344537164,3.7470493433017396,3.7747676006697475,0.17,0.99,0.59,0.4528813821634642,0.7644830555128548,under,59,0.1,0.6,0.3,0.09410836326772731,0.8848365933582838,under,3,1000,0.01,325.8045153831471,532.9540317888589,4.830776041666667,0.13627180989583335,0.18994424183586478,0.7370942330739225,1.2385131338196054,0.209,0.1899346658823129,0.7368398340493971,0.211,540583,47.7
EDM,wrap-full,100000,50000,100000,1.0,2.5418560479434404,2.2287119617203075,0.0010973000526428222,0.0003160012117202738,0.7430585539679271,0.7466967901459327,1.8099999999999998,0.99,0.98,0.7948461301767634,1.2018665795414933,calibrated,98,1.7,0.6,0.6,0.25587015736876234,1.3180765293695358,calibrated,6,99682,0.99682,142.3038542630143,454.54042724492615,2.1438113826969762,1.412109375e-05,0.0,0.0,3.552713678800501e-15,1.0,0.0010324013391613818,0.0037429623565000897,1.0,540583,48.0
EDM,wrap-tail-hardclip,100000,50000,1000,0.01,2.3592154224672868,2.0514330853567344,0.0009130597114562988,0.0002880834222373346,0.635370313874148,0.6375600574122018,1.8099999999999998,0.99,0.98,0.7948461301767634,1.2018665795414933,calibrated,98,1.7,0.6,0.6,0.25587015736876234,1.3180765293695358,calibrated,6,1000,0.01,202.00111555692314,454.53712719644807,3.110274088541667,0.00024153645833333332,5.935172353588314e-10,0.00012091667870954812,0.0056393657144404585,1.0,0.0009442193355315709,0.002626601169951836,1.0,540583,47.8
EDM2-S,wrap-full,100000,50000,100000,1.0,3.1831471894816445,2.8682731907356356,0.001877760887145996,0.0004807078527810673,0.7582563534099904,0.7624350291716553,1.47,0.99,0.99,0.8037266096190128,1.2129698022067565,calibrated,99,0.8,0.6,0.6,0.25587015736876234,1.3180765293695358,calibrated,6,99712,0.99712,113.4904528494479,274.0894014733149,1.6975565507568047,1.7981770833333334e-05,0.0,0.0,3.552713678800501e-15,1.0,0.0011365352340986234,0.004122912360931383,1.0,540583,48.0
EDM2-S,wrap-tail-hardclip,100000,50000,1000,0.01,3.0254375770739443,2.7101212031284945,0.0016937804222106933,0.0004603715336351451,0.674829482992152,0.6781580963357783,1.47,0.99,0.99,0.8037266096190128,1.2129698022067565,calibrated,99,0.8,0.6,0.6,0.25587015736876234,1.3180765293695358,calibrated,6,999,0.00999,120.58427854648536,230.27809274874585,1.8339179022772774,0.00019368489583333333,3.554765370950008e-10,4.731576340146749e-05,0.0030848100670013423,1.0,0.0010809638917512743,0.003381475090955188,1.0,540583,47.7
EDM2-M,wrap-full,100000,50000,100000,1.0,3.1079051591092366,2.783354130108478,0.001982426643371582,0.000468662364030685,0.698611486819317,0.7042423649984642,0.82,0.99,0.99,0.8037266096190128,1.2129698022067565,calibrated,99,0.5,0.6,0.6,0.25587015736876234,1.3180765293695358,calibrated,6,97876,0.97876,49.87260615567818,197.14715316230158,0.6821425721650779,0.0003641634114583333,0.0,0.0,1.074738875672665e-08,1.0,0.003015581995071237,0.012628195780400225,1.0,540583,48.0
EDM2-M,wrap-tail-hardclip,100000,50000,1000,0.01,3.057371471604938,2.733601973876091,0.001912984848022461,0.00045867791065811077,0.694101609019242,0.6994240942483998,0.82,0.99,0.94,0.7593687396057003,1.1574093631813973,calibrated,94,0.5,0.6,0.5,0.19846237142768847,1.1771287623868625,calibrated,5,740,0.0074,32.86706222442271,104.70912090166739,0.3793325063344595,0.0381796875,7.215650299485787e-11,0.05437538742319682,0.21026215895201616,0.945,0.009889957917052605,0.0518137174078279,0.946,540583,47.7
StyleGAN-XL,wrap-full,100000,50000,100000,1.0,3.6617468217278315,3.302847460065209,0.0023675632476806642,0.0004356554698930136,0.42365960772991684,0.43209869094690134,1.03,0.99,1.03,0.8392909279436952,1.2573404925561469,calibrated,103,0.6,0.6,0.6,0.25587015736876234,1.3180765293695358,calibrated,6,99239,0.99239,47.704249291552486,185.06485349736184,0.6476507216007568,0.00038671875,0.0,0.0,2.4543033916302193e-07,1.0,0.003126196794612124,0.011048788118328587,1.0,540583,47.9
StyleGAN-XL,wrap-tail-hardclip,100000,50000,1000,0.01,3.5394435778358684,3.181422345413182,0.0022456860542297364,0.0004283374818942104,0.3805647076890182,0.39087302023165194,1.03,0.99,1.03,0.8392909279436952,1.2573404925561469,calibrated,103,0.6,0.6,0.6,0.25587015736876234,1.3180765293695358,calibrated,6,296,0.00296,16.24309928362742,116.21101496846157,0.12417190139358109,0.0141259765625,7.775595154413395e-07,0.00028737528855602313,0.10989834522844433,0.995,0.019190488634244218,0.03645199021685208,0.994,540583,47.7
DiT-cfg1.5,wrap-full,50000,50000,50000,1.0,3.2925919419861884,3.2925919419861884,0.002101719379425049,0.0005166584567968557,0.6969495847538383,0.6969495847538383,0.98,0.98,0.98,0.7343756322148646,1.3006205625888563,calibrated,49,0.6,0.6,0.6,0.18821771232818257,1.769596914297967,calibrated,3,49434,0.98868,47.59041333390323,4574.843276004108,0.5498007892046297,0.01681390625,0.0,1.7763568394002505e-15,6.413216130964427,0.9964,0.0048115366115353275,0.018946183127992754,0.9964,540583,26.7
DiT-cfg1.5,wrap-tail-hardclip,50000,50000,500,0.01,3.106930439069856,3.106930439069856,0.0020371317863464356,0.0005093600742480718,0.6442093921773164,0.6442093921773164,0.98,0.98,0.98,0.7343756322148646,1.3006205625888563,calibrated,49,0.6,0.6,0.6,0.18821771232818257,1.769596914297967,calibrated,3,447,0.00894,40.45501799435634,259.04246756082296,0.5177565424589858,0.110375,0.004284322637995608,0.07965102853581453,0.13937765148092218,0.85,0.012978865379368543,0.07950393584178415,0.842,540583,26.5
DiT-cfg1.0,wrap-full,50000,50000,50000,1.0,3.3144041207959845,3.3144041207959845,0.0014008522033691407,0.00033779125103226165,0.5164059032198622,0.5164059032198622,0.64,0.98,0.98,0.7343756322148646,1.3006205625888563,calibrated,49,0.2,0.6,0.6,0.18821771232818257,1.769596914297967,calibrated,3,49535,0.9907,90.46993802565407,4972.3095237525185,1.2553915016423574,0.018555904947916667,0.0,1.7763568394002505e-15,6.235613639219364,0.99666,0.001535911977732951,0.008105269016763379,0.99666,540583,26.8
DiT-cfg1.0,wrap-tail-hardclip,50000,50000,500,0.01,3.137412196956973,3.137412196956973,0.0013878512382507324,0.00034181040427979324,0.5304255340960538,0.5304255340960538,0.64,0.98,0.82,0.5990765218938755,1.1162106820859772,calibrated,41,0.2,0.6,0.6,0.18821771232818257,1.769596914297967,calibrated,3,500,0.01,135.51719319747906,235.06382112098834,1.9763014322916668,0.15976888020833332,0.07258461754939738,0.2899931423194721,0.4494607325806417,0.424,0.0718805202723738,0.28954914338197174,0.422,540583,26.5
REAL-POOL,wrap-full,100000,50000,100000,1.0,0.7683610297607402,0.43534244966940605,8.81671905517578e-06,0.00011535803544860292,0.021683077908676296,0.010341429176605743,1.01,0.99,1.01,0.8215004241856922,1.2351634520115398,calibrated,101,0.7,0.6,0.6,0.25587015736876234,1.3180765293695358,calibrated,6,10088,0.10088,67.33527147809066,4986.973330588404,0.6213635437834556,0.020803883463541666,0.0,1.7763568394002505e-15,8.391379399506713,0.99795,0.010608312486877658,0.025153473037719195,0.99794,540583,47.9
REAL-POOL,wrap-tail-hardclip,100000,50000,1000,0.01,0.7157524790940215,0.3878329876769726,7.791519165039062e-06,0.00011460665721483184,0.013745721968035696,0.003691508419734646,1.01,0.99,1.01,0.8215004241856922,1.2351634520115398,calibrated,101,0.7,0.6,0.6,0.25587015736876234,1.3180765293695358,calibrated,6,809,0.00809,26.104128596624495,437.7750563931207,0.26447340466625463,0.11874153645833334,0.004136446440026198,0.04806553642434945,0.08889905967924783,0.958,0.020896583833359905,0.050139602399576225,0.949,540583,48.0
