config,p,threshold,M,k,rho,wilson_lo,wilson_hi,quad_lo,quad_hi
iDDPM,0.01,11.753401601491401,100000,285,0.28500000000000003,0.25381384215751535,0.3200057139904157,0.2533590663841178,0.3204114706145775
iDDPM,0.005994842503189409,12.253386453528757,100000,143,0.23853837681960846,0.2025342251886762,0.2809321306307233,0.2020716490682241,0.2813256840546734
iDDPM,0.003593813663804626,12.74145017909789,100000,77,0.21425707396994867,0.17145896791216425,0.26772778842882045,0.17093384639547682,0.2681490165038592
iDDPM,0.0021544346900318843,13.224432412742155,100000,43,0.19958831984534944,0.14819195748131048,0.26879979071759647,0.1475581060781231,0.26927178115940564
iDDPM,0.001291549665014884,13.69128884151752,100000,20,0.15485273653622542,0.10024998221306312,0.2391865646988797,0.099649969344452,0.23957628284137966
iDDPM,0.000774263682681127,14.17058238240877,100000,13,0.1679014564519349,0.09812783832186542,0.2872764408224286,0.09720754332535494,0.2878166700807455
iDDPM,0.0004641588833612782,14.599319804894298,100000,10,0.21544346900318823,0.11702920169673826,0.3966027676761676,0.11524105962295476,0.3975803579955729
iDDPM,0.0002782559402207126,15.093145077680791,100000,5,0.1796906831902313,0.0767526450354707,0.42066955808235545,0.07476958412249288,0.4215233019055429
iDDPM,0.0001668100537200059,15.590415465713459,100000,3,0.17984527509568227,0.06116282366230677,0.5288029320071124,0.058295403645204025,0.5297885466248082
iDDPM,0.0001,16.129062355967164,100000,1,0.1,0.01765202323777592,0.5664855365337279,0.015522349074931677,0.5668661907058016
EDM,0.01,11.753401601491401,100000,1771,1.771,1.6910837523447602,1.8546216358370475,1.684455781758565,1.8609770695888197
EDM,0.005994842503189409,12.253386453528757,100000,1087,1.8132252839364642,1.7091096814092221,1.9236095069470744,1.7001895500993385,1.9320600226459133
EDM,0.003593813663804626,12.74145017909789,100000,650,1.8086636114346317,1.6752480283265905,1.952629306206508,1.6636726195799827,1.9634175812515167
EDM,0.0021544346900318843,13.224432412742155,100000,397,1.8427107669442726,1.6704360885822163,2.032674314280299,1.6549165741480056,2.0468534703645473
EDM,0.001291549665014884,13.69128884151752,100000,240,1.8582328384347047,1.6377548882291744,2.1083109934072044,1.617197722602719,2.1266103414630995
EDM,0.000774263682681127,14.17058238240877,100000,141,1.8210850276709865,1.544431546472105,2.147212862589461,1.518191427014756,2.169749263530714
EDM,0.0004641588833612782,14.599319804894298,100000,83,1.7881807927264621,1.442741641670626,2.21624414323665,1.4089779133284295,2.2439272668890062
EDM,0.0002782559402207126,15.093145077680791,100000,51,1.8328449685403594,1.39420089130992,2.409402872237337,1.3477742141679596,2.4454655906006346
EDM,0.0001668100537200059,15.590415465713459,100000,32,1.918349601020611,1.358976367067671,2.7078644728183705,1.2928307024276644,2.7560304533885014
EDM,0.0001,16.129062355967164,100000,17,1.7,1.0614636969491826,2.722550936344665,0.9855731300610743,2.7715818025686496
EDM-churn,0.01,11.753401601491401,15104,255,1.6882944915254237,1.49477377886528,1.9063844646789199,1.4922003306404157,1.908671191960833
EDM-churn,0.005994842503189409,12.253386453528757,15104,160,1.767055653813622,1.5147050028855382,2.06092387402648,1.5110859645045815,2.0640374069100234
EDM-churn,0.003593813663804626,12.74145017909789,15104,103,1.8975345499691072,1.565603437160974,2.2992551741060834,1.560302561467245,2.303646123647913
EDM-churn,0.0021544346900318843,13.224432412742155,15104,62,1.9053132129501604,1.4869995449387041,2.4406835665336284,1.4799186228164083,2.446234323617836
EDM-churn,0.001291549665014884,13.69128884151752,15104,39,1.9992242865839482,1.4629796309877103,2.7313308661858717,1.4528361079856458,2.73879291419931
EDM-churn,0.000774263682681127,14.17058238240877,15104,25,2.1377609656628773,1.4483749234277647,3.1544732057097136,1.4333397087038222,3.164727358047866
EDM-churn,0.0004641588833612782,14.599319804894298,15104,15,2.1396001291365354,1.2968616526204515,3.5290770179427167,1.2763294781198855,3.5416251294958605
EDM-churn,0.0002782559402207126,15.093145077680791,15104,9,2.1414408748835827,1.1267503262462897,4.068872092733475,1.0983019910426428,4.083999219188687
EDM-churn,0.0001668100537200059,15.590415465713459,15104,4,1.5876171883446528,0.6174113158707076,4.081375503933367,0.5901303962484575,4.092115342065531
EDM-churn,0.0001,16.129062355967164,15104,3,1.986228813559322,0.6755072854867331,5.838725694027693,0.6230874858119722,5.8568741821352654
EDM2-S,0.01,11.753401601491401,100000,1522,1.5219999999999998,1.4479598748097986,1.5997646438050939,1.442647610282226,1.6048384055971257
EDM2-S,0.005994842503189409,12.253386453528757,100000,897,1.4962861818684532,1.401903232865535,1.5969621014843944,1.3951566318860835,1.6033127468309174
EDM2-S,0.003593813663804626,12.74145017909789,100000,536,1.4914518395830194,1.3707044149840073,1.6227737469244825,1.361947686866566,1.6308678658185716
EDM2-S,0.0021544346900318843,13.224432412742155,100000,300,1.3924766500838333,1.24375500553759,1.5589217546628638,1.233388260230188,1.568246275070663
EDM2-S,0.001291549665014884,13.69128884151752,100000,186,1.4401304497868963,1.2476458508157433,1.6622473759337284,1.23337288453521,1.6747243517294594
EDM2-S,0.000774263682681127,14.17058238240877,100000,111,1.4336201281665213,1.1906751165751408,1.7260692620370646,1.1719966119057,1.7417614618190698
EDM2-S,0.0004641588833612782,14.599319804894298,100000,56,1.2064834264178539,0.929222361505344,1.5664133820399049,0.9098163507627979,1.5815663887280544
EDM2-S,0.0002782559402207126,15.093145077680791,100000,31,1.114082235779434,0.7849268225976131,1.5812066972846732,0.7616788427641684,1.5978695112614751
EDM2-S,0.0001668100537200059,15.590415465713459,100000,19,1.1390200756059878,0.7292378293255242,1.7790038348772033,0.6968075624692274,1.8002383675028348
EDM2-S,0.0001,16.129062355967164,100000,8,0.8,0.4053804061932916,1.5787033732442377,0.37755140611990523,1.59316904513291
EDM2-M,0.01,11.753401601491401,100000,1106,1.106,1.0430308485949993,1.172725630904084,1.039702130105449,1.175875627678304
EDM2-M,0.005994842503189409,12.253386453528757,100000,660,1.100946354552039,1.020333206456507,1.1878828468433753,1.0160194129669706,1.1918972174013986
EDM2-M,0.003593813663804626,12.74145017909789,100000,372,1.0351120976210508,0.9352913901878406,1.1455423479448963,0.9301372704151939,1.1502223964696774
EDM2-M,0.0021544346900318843,13.224432412742155,100000,218,1.0118663657275855,0.8862753108621777,1.1552101225517901,0.8797372748006463,1.1609717520402543
EDM2-M,0.001291549665014884,13.69128884151752,100000,112,0.8671753246028622,0.720819036266169,1.043207959712356,0.7139228918600324,1.0489819076230997
EDM2-M,0.000774263682681127,14.17058238240877,100000,64,0.8265917856095258,0.6474105101255564,1.055323820782651,0.638871131729976,1.0620731188895618
EDM2-M,0.0004641588833612782,14.599319804894298,100000,40,0.8617738760127529,0.6329311242989487,1.1733120021428765,0.6208351236499128,1.1823023168895104
EDM2-M,0.0002782559402207126,15.093145077680791,100000,16,0.5750101862087402,0.3539605162465163,0.9340703208870431,0.34461084321049307,0.9399006916741699
EDM2-M,0.0001668100537200059,15.590415465713459,100000,12,0.7193811003827291,0.41153511103184387,1.2574608431875614,0.39412626997785816,1.2676067484138938
EDM2-M,0.0001,16.129062355967164,100000,5,0.5,0.21356879408771506,1.1705380340643747,0.19846237142768847,1.1771287623868625
StyleGAN-XL,0.01,11.753401601491401,100000,1053,1.053,0.9915873813952092,1.1181731700434467,0.9884899104384307,1.1210998092864892
StyleGAN-XL,0.005994842503189409,12.253386453528757,100000,623,1.039226634675637,0.9609792894959603,1.1238020659184715,0.9570139186833866,1.1274835732870934
StyleGAN-XL,0.003593813663804626,12.74145017909789,100000,377,1.0490248946320864,0.9485039851780412,1.1601542780698095,0.9432489077881145,1.164929363996284
StyleGAN-XL,0.0021544346900318843,13.224432412742155,100000,226,1.0489990763964876,0.9209776500336722,1.19477035184727,0.9140901927611186,1.2008548830761128
StyleGAN-XL,0.001291549665014884,13.69128884151752,100000,133,1.029770697965899,0.8690814292322343,1.2201238214245325,0.8602577828837752,1.2276289778127054
StyleGAN-XL,0.000774263682681127,14.17058238240877,100000,77,0.9944932420614606,0.7958420308838731,1.2426823132190572,0.7847373901620898,1.2516566701490852
StyleGAN-XL,0.0004641588833612782,14.599319804894298,100000,44,0.9479512636140282,0.7062253565376287,1.2723659241800522,0.6923985062828859,1.2827955104181359
StyleGAN-XL,0.0002782559402207126,15.093145077680791,100000,24,0.8625152793131102,0.57964890054396,1.2833700340555876,0.5633323674830595,1.2945057318493745
StyleGAN-XL,0.0001668100537200059,15.590415465713459,100000,15,0.8992263754784112,0.5449737909660063,1.4836988961033941,0.5214485731679461,1.4982499990948153
StyleGAN-XL,0.0001,16.129062355967164,100000,6,0.6,0.2749844367635483,1.3091147084836878,0.25587015736876234,1.3180765293695358
DiT-cfg1.5,0.01,11.753401601491401,50000,497,0.9939999999999999,0.9107317167997521,1.08479816264855,0.9086702571473163,1.0866923101909804
DiT-cfg1.5,0.005994842503189409,12.253386453528757,50000,266,0.8874294857904315,0.7872212572017944,1.0003167243082889,0.7849323265337169,1.002353404967474
DiT-cfg1.5,0.003593813663804626,12.74145017909789,50000,157,0.8737236522930375,0.7474801552072061,1.0212102177591709,0.7445359071943671,1.0237381179962315
DiT-cfg1.5,0.0021544346900318843,13.224432412742155,50000,95,0.8819018783864278,0.7216079059920294,1.0777198601563114,0.7176639460433539,1.0809612233536572
DiT-cfg1.5,0.001291549665014884,13.69128884151752,50000,58,0.8981458719101073,0.6949163492674385,1.1607210494879114,0.6895347479146613,1.1649080994856988
DiT-cfg1.5,0.000774263682681127,14.17058238240877,50000,42,1.0849017186125025,0.8027505116011067,1.4661109483226331,0.793342834788925,1.4731255663275211
DiT-cfg1.5,0.0004641588833612782,14.599319804894298,50000,28,1.2064834264178539,0.8348198785688269,1.7434784045577216,0.8201267926440441,1.7537505113121865
DiT-cfg1.5,0.0002782559402207126,15.093145077680791,50000,13,0.9343915525892026,0.5461039618929394,1.598634250176593,0.5320073221532059,1.6069717910091506
DiT-cfg1.5,0.0001668100537200059,15.590415465713459,50000,5,0.5994842503189409,0.25606445210635337,1.403372289892816,0.2450960266967866,1.4081188002904468
DiT-cfg1.5,0.0001,16.129062355967164,50000,3,0.6,0.20405250323212928,1.7641162784240385,0.18821771232818257,1.769596914297967
DiT-cfg1.0,0.01,11.753401601491401,50000,325,0.6499999999999999,0.5832533514226946,0.7243293843805482,0.5821491601428642,0.7253224983348777
DiT-cfg1.0,0.005994842503189409,12.253386453528757,50000,184,0.6138609976896218,0.5314613980422511,0.7089816416647812,0.5301250861572322,0.7101415552719407
DiT-cfg1.0,0.003593813663804626,12.74145017909789,50000,101,0.5620769992458394,0.46270087277835925,0.6827440792858003,0.46114706334026145,0.6840269137828894
DiT-cfg1.0,0.0021544346900318843,13.224432412742155,50000,54,0.50129159403018,0.38427542904138234,0.6538902499999394,0.3825215012321491,0.6552393185289342
DiT-cfg1.0,0.001291549665014884,13.69128884151752,50000,38,0.5884403988376565,0.4287752649454221,0.8074987745906416,0.42582327051596364,0.8096596281788346
DiT-cfg1.0,0.000774263682681127,14.17058238240877,50000,24,0.6199438392071444,0.41664321185941566,0.9223739310521726,0.4123540467437664,0.9252737219706899
DiT-cfg1.0,0.0004641588833612782,14.599319804894298,50000,14,0.6032417132089269,0.3593653910240885,1.0125421550977116,0.35372202573371175,1.0159295681861242
DiT-cfg1.0,0.0002782559402207126,15.093145077680791,50000,6,0.4312576396565551,0.1976505842150046,0.9408971096191301,0.19262295446734054,0.9432211598091322
DiT-cfg1.0,0.0001668100537200059,15.590415465713459,50000,4,0.47958740025515273,0.1865017112330891,1.2331597530526412,0.17826085236788064,1.2364029380534098
DiT-cfg1.0,0.0001,16.129062355967164,50000,1,0.2,0.03530409009447142,1.1329261524395344,0.031044740669153498,1.1336874974109792
