config,functional,p,M,k,rho,wilson_lo,wilson_hi,quad_lo,quad_hi,verdict,earlier_rho,earlier_k,note
DiT-cfg1.5,S1,0.001,50000,49,0.98,0.7414161540326908,1.295259364113899,0.7343756322148646,1.3006205625888563,calibrated,0.9896,19,
DiT-cfg1.5,S1,0.0001,50000,3,0.6,0.20405250323212928,1.7641162784240385,0.18821771232818257,1.769596914297967,calibrated,0.5208,1,
DiT-cfg1.0,S1,0.001,50000,32,0.64,0.4533993903366731,0.903328369556079,0.4495433858384416,0.90607473492277,under,0.6713,29,
DiT-cfg1.0,S1,0.0001,50000,1,0.2,0.03530409009447142,1.1329261524395344,0.031044740669153498,1.1336874974109792,calibrated,0.2315,1,
DiT-cfg1.5,S3,0.001,50000,37,0.74,0.5369427762034289,1.0197696184698637,0.532211594606466,1.0232222178763346,calibrated,0.7812,15,
DiT-cfg1.5,S3,0.0001,50000,6,1.2,0.5499744914591923,2.618102098880219,0.5117456206258434,2.636027329761677,calibrated,1.5625,3,
DiT-cfg1.0,S3,0.001,50000,20,0.4,0.25896284018545546,0.6178017962339992,0.2569635586485911,0.6191017242028876,under,0.463,20,
DiT-cfg1.0,S3,0.0001,50000,3,0.6,0.20405250323212928,1.7641162784240385,0.18821771232818257,1.769596914297967,calibrated,0.6944,3,
DiT-cfg1.5,S2,0.001,50000,36,0.7200000000000001,0.5201429585989995,0.996572509118185,0.5155911629582826,0.9998794177196935,under,0.9375,18,
DiT-cfg1.5,S2,0.0001,50000,8,1.6,0.8107715732448164,3.157243556216757,0.7551128642127086,3.186177876531823,calibrated,2.6042,5,
DiT-cfg1.0,S2,0.001,50000,32,0.64,0.4533993903366731,0.903328369556079,0.4495433858384416,0.90607473492277,under,0.5787,25,
DiT-cfg1.0,S2,0.0001,50000,9,1.8,0.9470318751348468,3.4209525238878076,0.8820312030208174,3.4560794591110913,calibrated,1.6204,7,
