model,arm,p,n,mean_ratio,sd_ratio,wilson_lo,wilson_hi,B
iDDPM,raw,0.001,1000,0.186,0.4239852910822594,nan,nan,500
iDDPM,raw,0.001,3162,0.1846932321315623,0.24004111577881937,nan,nan,500
iDDPM,raw,0.001,10000,0.161,0.12842111963355513,nan,nan,500
iDDPM,raw,0.001,31623,0.16962337539132907,0.07466307349319007,nan,nan,500
iDDPM,raw,0.001,100000,0.17,0.0,0.10614636969491827,0.2722550936344665,500
iDDPM,wrapped,0.001,1000,1.012,0.9704326246360001,nan,nan,500
iDDPM,wrapped,0.001,3162,0.969639468690702,0.5448027493266969,nan,nan,500
iDDPM,wrapped,0.001,10000,0.9688000000000001,0.32452610740705834,nan,nan,500
iDDPM,wrapped,0.001,31623,0.9839041204186826,0.18409864397843953,nan,nan,500
iDDPM,wrapped,0.001,100000,0.99,0.0,0.8133116600456716,1.2050268034639142,500
iDDPM,raw,0.0001,1000,0.17999999999999997,1.3308426971543774,nan,nan,500
iDDPM,raw,0.0001,3162,0.10752688172043011,0.6076538453911178,nan,nan,500
iDDPM,raw,0.0001,10000,0.082,0.2746394977191278,nan,nan,500
iDDPM,raw,0.0001,31623,0.10182462131992537,0.17859154553884657,nan,nan,500
iDDPM,raw,0.0001,100000,0.1,0.0,0.01765202323777592,0.5664855365337279,500
iDDPM,wrapped,0.0001,1000,0.6,2.5402570365266675,nan,nan,500
iDDPM,wrapped,0.0001,3162,0.6072106261859582,1.4126928705575514,nan,nan,500
iDDPM,wrapped,0.0001,10000,0.644,0.8164540369113117,nan,nan,500
iDDPM,wrapped,0.0001,31623,0.5793251747146064,0.43491750858930656,nan,nan,500
iDDPM,wrapped,0.0001,100000,0.6,0.0,0.2749844367635483,1.3091147084836878,500
EDM,raw,0.001,1000,1.726,1.3633199487153154,nan,nan,500
EDM,raw,0.001,3162,1.8633776091081595,0.7464889471016684,nan,nan,500
EDM,raw,0.001,10000,1.8338,0.42970554302616903,nan,nan,500
EDM,raw,0.001,31623,1.8089365335357177,0.22917829035197432,nan,nan,500
EDM,raw,0.001,100000,1.81,0.0,1.5649963078280715,2.0932791558617154,500
EDM,wrapped,0.001,1000,0.958,0.9910602407531054,nan,nan,500
EDM,wrapped,0.001,3162,0.9772296015180265,0.5448262947781547,nan,nan,500
EDM,wrapped,0.001,10000,0.9789999999999999,0.3227806914136888,nan,nan,500
EDM,wrapped,0.001,31623,1.0074313000031623,0.17907965501869713,nan,nan,500
EDM,wrapped,0.001,100000,0.99,0.0,0.8133116600456716,1.2050268034639142,500
EDM,raw,0.0001,1000,1.68,4.148737645127273,nan,nan,500
EDM,raw,0.0001,3162,1.790006325110689,2.3555274119374796,nan,nan,500
EDM,raw,0.0001,10000,1.614,1.223109149660801,nan,nan,500
EDM,raw,0.0001,31623,1.7253265028618412,0.7594417495199406,nan,nan,500
EDM,raw,0.0001,100000,1.7,0.0,1.0614636969491826,2.722550936344665,500
EDM,wrapped,0.0001,1000,0.6,2.5402570365266675,nan,nan,500
EDM,wrapped,0.0001,3162,0.6831119544592029,1.5292242732132748,nan,nan,500
EDM,wrapped,0.0001,10000,0.618,0.8157247168176618,nan,nan,500
EDM,wrapped,0.0001,31623,0.5831198810992,0.44176232987502223,nan,nan,500
EDM,wrapped,0.0001,100000,0.6,0.0,0.2749844367635483,1.3091147084836878,500
held-out,real-control,0.001,1000,0.992,0.9725367115490403,nan,nan,500
held-out,real-control,0.001,3162,0.9746995572422518,0.5526227495962669,nan,nan,500
held-out,real-control,0.001,10000,0.9714,0.31182769765697865,nan,nan,500
held-out,real-control,0.001,31623,1.0004743382980743,0.17128110449489017,nan,nan,500
held-out,real-control,0.001,100000,1.0081,0.10320412871764742,nan,nan,500
held-out,real-control,0.0001,1000,1.22,3.454775092807601,nan,nan,500
held-out,real-control,0.0001,3162,1.0373181530676787,1.8578665821826246,nan,nan,500
held-out,real-control,0.0001,10000,1.026,1.0116178831371883,nan,nan,500
held-out,real-control,0.0001,31623,1.0220409195838471,0.5568063351743385,nan,nan,500
held-out,real-control,0.0001,100000,0.9942,0.3267413040304501,nan,nan,500
