config,family,year,fid_published,p,M,threshold,k,rho,wilson_lo,wilson_hi,quad_lo,quad_hi,clopper_lo,clopper_hi,verdict_wilson,verdict_quad
iDDPM,diffusion,2021,2.9,0.001,100000,13.934952565857854,17,0.17,0.10614636969491827,0.2722550936344665,0.10534807948215962,0.2727554811078251,,,under,under
iDDPM,diffusion,2021,2.9,0.0001,100000,16.129062355967164,1,0.1,0.01765202323777592,0.5664855365337279,0.015522349074931677,0.5668661907058016,0.0025317804779333136,0.5571516034774275,under,under
EDM,diffusion (Heun),2022,2.6,0.001,100000,13.934952565857854,181,1.8099999999999998,1.5649963078280715,2.0932791558617154,1.5423139913330093,2.1131106566980336,,,over,over
EDM,diffusion (Heun),2022,2.6,0.0001,100000,16.129062355967164,17,1.7,1.0614636969491826,2.722550936344665,0.9855731300610743,2.7715818025686496,,,over,calibrated
EDM-churn,"diffusion (same net, stochastic sampler)",2022,,0.001,15104,13.934952565857854,30,1.986228813559322,1.391691453327841,2.8340346093547324,1.3800288529246858,2.842253571931827,,,over,over
EDM-churn,"diffusion (same net, stochastic sampler)",2022,,0.0001,15104,16.129062355967164,3,1.986228813559322,0.6755072854867331,5.838725694027693,0.6230874858119722,5.8568741821352654,,,calibrated,calibrated
EDM2-S,diffusion,2024,1.58,0.001,100000,13.934952565857854,147,1.47,1.2509217148095317,1.727379870756757,1.234064157763367,1.7418728093809275,,,over,over
EDM2-S,diffusion,2024,1.58,0.0001,100000,16.129062355967164,8,0.8,0.4053804061932916,1.5787033732442377,0.37755140611990523,1.59316904513291,,,calibrated,calibrated
EDM2-M,diffusion,2024,1.43,0.001,100000,13.934952565857854,82,0.82,0.6607330828273907,1.0176184416204461,0.653408488186515,1.0235677513043986,,,calibrated,calibrated
EDM2-M,diffusion,2024,1.43,0.0001,100000,16.129062355967164,5,0.5,0.21356879408771506,1.1705380340643747,0.19846237142768847,1.1771287623868625,,,calibrated,calibrated
StyleGAN-XL,GAN,2022,1.10,0.001,100000,13.934952565857854,103,1.03,0.8494338558647412,1.2489015344829033,0.8392909279436952,1.2573404925561469,,,calibrated,calibrated
StyleGAN-XL,GAN,2022,1.10,0.0001,100000,16.129062355967164,6,0.6,0.2749844367635483,1.3091147084836878,0.25587015736876234,1.3180765293695358,,,calibrated,calibrated
DiT-cfg1.5,latent diffusion (cfg 1.5),2023,2.27,0.001,50000,13.934952565857854,49,0.98,0.7414161540326908,1.295259364113899,0.7343756322148646,1.3006205625888563,,,calibrated,calibrated
DiT-cfg1.5,latent diffusion (cfg 1.5),2023,2.27,0.0001,50000,16.129062355967164,3,0.6,0.20405250323212928,1.7641162784240385,0.18821771232818257,1.769596914297967,,,calibrated,calibrated
DiT-cfg1.0,"latent diffusion (same net, no guidance)",2023,9.6,0.001,50000,13.934952565857854,32,0.64,0.4533993903366731,0.903328369556079,0.4495433858384416,0.90607473492277,,,under,under
DiT-cfg1.0,"latent diffusion (same net, no guidance)",2023,9.6,0.0001,50000,16.129062355967164,1,0.2,0.03530409009447142,1.1329261524395344,0.031044740669153498,1.1336874974109792,0.005063560314875389,1.1142777363894383,calibrated,calibrated
