config,functional,M,k,rho,wilson_lo,wilson_hi,quad_lo,quad_hi,verdict,note
iDDPM,S1,100000,17,0.17,0.10614636969491827,0.2722550936344665,0.10534807948215962,0.2727554811078251,under,
iDDPM,S2,100000,155,1.5499999999999998,1.324572870368516,1.81372256887389,1.3063908633204724,1.8294237177358046,over,
iDDPM,S3,100000,32,0.32,0.2266909207947767,0.4516990181773279,0.224763096176343,0.4530718414115548,under,
EDM,S1,100000,181,1.8099999999999998,1.5649963078280715,2.0932791558617154,1.5423139913330093,2.1131106566980336,over,
EDM,S2,100000,93,0.93,0.7592772748291273,1.1390657984233707,0.7505109018861673,1.1462835997535394,calibrated,
EDM,S3,100000,147,1.47,1.2509217148095317,1.727379870756757,1.234064157763367,1.7418728093809275,over,
EDM-churn,S1,15104,30,1.986228813559322,1.391691453327841,2.8340346093547324,1.3800288529246858,2.842253571931827,over,"small-M (sampling stopped at M=15,104)"
EDM-churn,S2,15104,8,0.5296610169491526,0.26841277321227686,1.0449184441338197,0.26651378646140095,1.0458838722420332,calibrated,"small-M (sampling stopped at M=15,104)"
EDM-churn,S3,15104,13,0.8606991525423728,0.5030808692360303,1.47215826750472,0.4994230477485057,1.4743047560130311,calibrated,"small-M (sampling stopped at M=15,104)"
EDM2-S,S1,100000,147,1.47,1.2509217148095317,1.727379870756757,1.234064157763367,1.7418728093809275,over,
EDM2-S,S2,100000,84,0.84,0.6785959932472018,1.0397539946196646,0.6710151412316125,1.0459278695651162,calibrated,
EDM2-S,S3,100000,89,0.8899999999999999,0.7233610574769854,1.094985088937454,0.7151280168124637,1.1017322838526267,calibrated,
EDM2-M,S1,100000,82,0.82,0.6607330828273907,1.0176184416204461,0.653408488186515,1.0235677513043986,calibrated,
EDM2-M,S2,100000,117,1.17,0.9764192746007119,1.4019053596801374,0.9642511106185125,1.412155330488459,calibrated,
EDM2-M,S3,100000,39,0.38999999999999996,0.28532071292921474,0.5330638480094922,0.2827728856272135,0.5349384887541948,under,
StyleGAN-XL,S1,100000,103,1.03,0.8494338558647412,1.2489015344829033,0.8392909279436952,1.2573404925561469,calibrated,
StyleGAN-XL,S2,100000,103,1.03,0.8494338558647412,1.2489015344829033,0.8392909279436952,1.2573404925561469,calibrated,
StyleGAN-XL,S3,100000,186,1.86,1.611396580678283,2.1468750415590767,1.5878162203469126,2.1675347773460962,over,
DiT-cfg1.5,S1,50000,49,0.98,0.7414161540326908,1.295259364113899,0.7343756322148646,1.3006205625888563,calibrated,"M=50,000 sample set"
DiT-cfg1.5,S2,50000,36,0.7200000000000001,0.5201429585989995,0.996572509118185,0.5155911629582826,0.9998794177196935,under,"M=50,000 sample set"
DiT-cfg1.5,S3,50000,37,0.74,0.5369427762034289,1.0197696184698637,0.532211594606466,1.0232222178763346,calibrated,"M=50,000 sample set"
DiT-cfg1.0,S1,50000,32,0.64,0.4533993903366731,0.903328369556079,0.4495433858384416,0.90607473492277,under,"M=50,000 sample set"
DiT-cfg1.0,S2,50000,32,0.64,0.4533993903366731,0.903328369556079,0.4495433858384416,0.90607473492277,under,"M=50,000 sample set"
DiT-cfg1.0,S3,50000,20,0.4,0.25896284018545546,0.6178017962339992,0.2569635586485911,0.6191017242028876,under,"M=50,000 sample set"
