config,metric,value
GLOBAL,severity_layer_q,0.9925
GLOBAL,severity_layer_xi,-0.050
GLOBAL,severity_layer_sg,0.974
GLOBAL,tau_1e-4,16.13
GLOBAL,real_fitsplit_sev_q50,6.72
GLOBAL,real_fitsplit_sev_q99,11.76
GLOBAL,real_fitsplit_sev_q999,13.94
GLOBAL,heldout_PC1_mean,-0.20
GLOBAL,heldout_PC1_sd,1.68
GLOBAL,heldout_PC2_mean,+0.20
GLOBAL,heldout_PC2_sd,1.29
GLOBAL,heldout_sev_ge_tau_q50,16.81
GLOBAL,heldout_sev_ge_tau_q90,18.11
GLOBAL,n_held_severity,109
GLOBAL,n_held_shape,1082
GLOBAL,recalib_zeta,0.0075
iddpm,M_samples,100000
iddpm,own_rate_tau1e-3,1.70e-04
iddpm,exceed_count_tau1e-3,17
iddpm,own_rate_tau1e-4,1.00e-05
iddpm,exceed_count_tau1e-4,1
iddpm,sev_q50,6.13
iddpm,sev_q99,10.75
iddpm,sev_q999,12.54
iddpm,kept_top_K,1000
iddpm,model_tail_sev_min,10.75
iddpm,model_tail_sev_max,17.27
iddpm,transport_oor_raw_box_pct,20.3
iddpm,transport_abs_sev_target_med,0.0000
iddpm,transport_abs_sev_target_p95,2.6630
iddpm,transport_abs_sev_target_max,12.932
iddpm,transport_within_0.05_pct,75.4
iddpm,PC1_gen_mean,-0.20
iddpm,PC1_gen_sd,0.73
iddpm,PC2_gen_mean,+0.04
iddpm,PC2_gen_sd,1.01
iddpm,sev_ge_tau_gen_q50,16.56
iddpm,sev_ge_tau_gen_q90,17.66
iddpm,rho_tau1e-3_raw,0.17
iddpm,rho_tau1e-3_wrapped,0.99
iddpm,rho_tau1e-4_raw,0.10
iddpm,rho_tau1e-4_wrapped,0.60
edm,M_samples,100000
edm,own_rate_tau1e-3,1.81e-03
edm,exceed_count_tau1e-3,181
edm,own_rate_tau1e-4,1.70e-04
edm,exceed_count_tau1e-4,17
edm,sev_q50,7.04
edm,sev_q99,12.33
edm,sev_q999,14.46
edm,kept_top_K,1000
edm,model_tail_sev_min,12.33
edm,model_tail_sev_max,19.05
edm,transport_oor_raw_box_pct,31.8
edm,transport_abs_sev_target_med,0.0002
edm,transport_abs_sev_target_p95,1.8214
edm,transport_abs_sev_target_max,6.209
edm,transport_within_0.05_pct,71.0
edm,PC1_gen_mean,-0.17
edm,PC1_gen_sd,0.85
edm,PC2_gen_mean,+0.05
edm,PC2_gen_sd,1.09
edm,sev_ge_tau_gen_q50,16.55
edm,sev_ge_tau_gen_q90,17.72
edm,rho_tau1e-3_raw,1.81
edm,rho_tau1e-3_wrapped,0.99
edm,rho_tau1e-4_raw,1.70
edm,rho_tau1e-4_wrapped,0.60
edmchurn,M_samples,15104
edmchurn,own_rate_tau1e-3,1.99e-03
edmchurn,exceed_count_tau1e-3,30
edmchurn,own_rate_tau1e-4,1.99e-04
edmchurn,exceed_count_tau1e-4,3
edmchurn,sev_q50,7.12
edmchurn,sev_q99,12.32
edmchurn,sev_q999,14.53
edmchurn,kept_top_K,250
edmchurn,model_tail_sev_min,11.77
edmchurn,model_tail_sev_max,16.62
edmchurn,transport_oor_raw_box_pct,34.6
edmchurn,transport_abs_sev_target_med,0.0055
edmchurn,transport_abs_sev_target_p95,2.8584
edmchurn,transport_abs_sev_target_max,12.129
edmchurn,transport_within_0.05_pct,60.8
edmchurn,PC1_gen_mean,-0.19
edmchurn,PC1_gen_sd,0.77
edmchurn,PC2_gen_mean,+0.17
edmchurn,PC2_gen_sd,1.18
edmchurn,sev_ge_tau_gen_q50,16.43
edmchurn,sev_ge_tau_gen_q90,17.65
edm2,M_samples,100000
edm2,own_rate_tau1e-3,1.47e-03
edm2,exceed_count_tau1e-3,147
edm2,own_rate_tau1e-4,8.00e-05
edm2,exceed_count_tau1e-4,8
edm2,sev_q50,6.98
edm2,sev_q99,12.14
edm2,sev_q999,14.24
edm2,kept_top_K,1000
edm2,model_tail_sev_min,12.14
edm2,model_tail_sev_max,18.11
edm2,transport_oor_raw_box_pct,29.9
edm2,transport_abs_sev_target_med,0.0004
edm2,transport_abs_sev_target_p95,2.0427
edm2,transport_abs_sev_target_max,12.526
edm2,transport_within_0.05_pct,69.4
edm2,PC1_gen_mean,-0.16
edm2,PC1_gen_sd,0.93
edm2,PC2_gen_mean,+0.07
edm2,PC2_gen_sd,1.12
edm2,sev_ge_tau_gen_q50,16.53
edm2,sev_ge_tau_gen_q90,17.67
edm2,rho_tau1e-3_raw,1.47
edm2,rho_tau1e-3_wrapped,0.99
edm2,rho_tau1e-4_raw,0.80
edm2,rho_tau1e-4_wrapped,0.60
edm2m,M_samples,100000
edm2m,own_rate_tau1e-3,8.20e-04
edm2m,exceed_count_tau1e-3,82
edm2m,own_rate_tau1e-4,5.00e-05
edm2m,exceed_count_tau1e-4,5
edm2m,sev_q50,6.84
edm2m,sev_q99,11.85
edm2m,sev_q999,13.77
edm2m,kept_top_K,1000
edm2m,model_tail_sev_min,11.85
edm2m,model_tail_sev_max,17.09
edm2m,transport_oor_raw_box_pct,29.1
edm2m,transport_abs_sev_target_med,0.0008
edm2m,transport_abs_sev_target_p95,2.7783
edm2m,transport_abs_sev_target_max,13.246
edm2m,transport_within_0.05_pct,64.5
edm2m,PC1_gen_mean,-0.13
edm2m,PC1_gen_sd,0.95
edm2m,PC2_gen_mean,+0.17
edm2m,PC2_gen_sd,1.17
edm2m,sev_ge_tau_gen_q50,16.49
edm2m,sev_ge_tau_gen_q90,17.65
edm2m,rho_tau1e-3_raw,0.82
edm2m,rho_tau1e-3_wrapped,0.99
edm2m,rho_tau1e-4_raw,0.50
edm2m,rho_tau1e-4_wrapped,0.60
sgxl,M_samples,100000
sgxl,own_rate_tau1e-3,1.03e-03
sgxl,exceed_count_tau1e-3,103
sgxl,own_rate_tau1e-4,6.00e-05
sgxl,exceed_count_tau1e-4,6
sgxl,sev_q50,6.82
sgxl,sev_q99,11.81
sgxl,sev_q999,13.95
sgxl,kept_top_K,1000
sgxl,model_tail_sev_min,11.81
sgxl,model_tail_sev_max,17.12
sgxl,transport_oor_raw_box_pct,29.4
sgxl,transport_abs_sev_target_med,0.0002
sgxl,transport_abs_sev_target_p95,2.4665
sgxl,transport_abs_sev_target_max,11.763
sgxl,transport_within_0.05_pct,71.4
sgxl,PC1_gen_mean,-0.16
sgxl,PC1_gen_sd,0.64
sgxl,PC2_gen_mean,+0.08
sgxl,PC2_gen_sd,1.07
sgxl,sev_ge_tau_gen_q50,16.53
sgxl,sev_ge_tau_gen_q90,17.72
sgxl,rho_tau1e-3_raw,1.03
sgxl,rho_tau1e-3_wrapped,0.99
sgxl,rho_tau1e-4_raw,0.60
sgxl,rho_tau1e-4_wrapped,0.60
dit_cfg1,M_samples,50000
dit_cfg1,own_rate_tau1e-3,6.40e-04
dit_cfg1,exceed_count_tau1e-3,32
dit_cfg1,own_rate_tau1e-4,2.00e-05
dit_cfg1,exceed_count_tau1e-4,1
dit_cfg1,sev_q50,6.55
dit_cfg1,sev_q99,11.38
dit_cfg1,sev_q999,13.27
dit_cfg1,kept_top_K,500
dit_cfg1,model_tail_sev_min,11.38
dit_cfg1,model_tail_sev_max,16.46
dit_cfg1,transport_oor_raw_box_pct,28.8
dit_cfg1,transport_abs_sev_target_med,0.0013
dit_cfg1,transport_abs_sev_target_p95,2.9367
dit_cfg1,transport_abs_sev_target_max,11.783
dit_cfg1,transport_within_0.05_pct,64.2
dit_cfg1,PC1_gen_mean,-0.24
dit_cfg1,PC1_gen_sd,0.70
dit_cfg1,PC2_gen_mean,+0.08
dit_cfg1,PC2_gen_sd,1.03
dit_cfg1,sev_ge_tau_gen_q50,16.49
dit_cfg1,sev_ge_tau_gen_q90,17.76
dit_cfg1p5,M_samples,50000
dit_cfg1p5,own_rate_tau1e-3,9.80e-04
dit_cfg1p5,exceed_count_tau1e-3,49
dit_cfg1p5,own_rate_tau1e-4,6.00e-05
dit_cfg1p5,exceed_count_tau1e-4,3
dit_cfg1p5,sev_q50,6.65
dit_cfg1p5,sev_q99,11.75
dit_cfg1p5,sev_q999,13.89
dit_cfg1p5,kept_top_K,500
dit_cfg1p5,model_tail_sev_min,11.75
dit_cfg1p5,model_tail_sev_max,16.25
dit_cfg1p5,transport_oor_raw_box_pct,29.8
dit_cfg1p5,transport_abs_sev_target_med,0.0017
dit_cfg1p5,transport_abs_sev_target_p95,2.7545
dit_cfg1p5,transport_abs_sev_target_max,12.403
dit_cfg1p5,transport_within_0.05_pct,66.0
dit_cfg1p5,PC1_gen_mean,-0.14
dit_cfg1p5,PC1_gen_sd,0.73
dit_cfg1p5,PC2_gen_mean,+0.11
dit_cfg1p5,PC2_gen_sd,1.07
dit_cfg1p5,sev_ge_tau_gen_q50,16.50
dit_cfg1p5,sev_ge_tau_gen_q90,17.69
