variant,p,rho_target,rho_true,mean_rho_hat,rel_bias,coverage,mean_ci_width,B,M
A_fixed_tau,0.01,0.3,0.3,0.299452,-0.0018266666666666431,0.94,0.0678100992515241,500,100000
A_fixed_tau,0.01,1.0,1.0,1.00121,0.0012099999999999334,0.95,0.12345397917390694,500,100000
A_fixed_tau,0.01,2.0,2.0,2.000064,3.2000000000032e-05,0.962,0.173573712094997,500,100000
A_fixed_tau,0.01,5.0,5.0,5.0053279999999996,0.0010655999999999999,0.946,0.27031362189918334,500,100000
A_fixed_tau,0.001,0.3,0.3,0.30016,0.0005333333333332746,0.95,0.2173537855647155,500,100000
A_fixed_tau,0.001,1.0,1.0,1.0040799999999999,0.0040799999999998615,0.964,0.3939796751813175,500,100000
A_fixed_tau,0.001,2.0,2.0,1.9904600000000001,-0.004769999999999941,0.942,0.5534628274879032,500,100000
A_fixed_tau,0.001,5.0,5.0,5.00154,0.00030799999999997496,0.948,0.8750634958795884,500,100000
B_split_tau,0.01,0.3,0.29999999999999993,0.307968,0.02656000000000036,0.842,nan,500,100000
B_split_tau,0.01,1.0,1.0,1.001564,0.0015639999999998988,0.9,nan,500,100000
B_split_tau,0.01,2.0,2.0,1.9949459999999999,-0.002527000000000057,0.892,nan,500,100000
B_split_tau,0.01,5.0,5.0,4.972286,-0.005542799999999959,0.852,nan,500,100000
B_split_tau,0.001,0.3,0.29999999999999993,0.32286000000000004,0.07620000000000027,0.836,nan,500,100000
B_split_tau,0.001,1.0,1.0,1.01226,0.012259999999999938,0.906,nan,500,100000
B_split_tau,0.001,2.0,2.0,1.97982,-0.010090000000000043,0.87,nan,500,100000
B_split_tau,0.001,5.0,5.0,4.93336,-0.013327999999999895,0.866,nan,500,100000
image_equivalence,0.001,2.0,1.0,2.05,0.0,1.0,nan,1,100000
