level,base,c,eps,bulk_law,n_per_side,sigma,mmd2_population,mmd2_u_sample,perm_p,perm_null_q95,mean_embed_gap,n_star_for_detection,note
B_component_population,,,,sparse,,10.748502915387233,0.00041478197549871254,,,,0.009695283334669964,,exact over 529 atoms
B_component_population,,,,dense,,10.748502915387233,0.0004147601116004651,,,,0.009695125521335592,,exact over 613 atoms
B_component_population,,,,mom2,,10.748502915387233,0.0007504622709906261,,,,0.17550946150256774,,exact over 1887 atoms
B_component_population,,,,random,,10.748502915387233,0.0697844322015635,,,,3.4933682620553133,,exact over 5000 atoms
A_component_finite_n,,,,sparse,536,10.748502915387233,0.00041478197549871254,0.0005533876305736651,0.11970074812967581,0.0011926260428858238,,,i.i.d. draws from Q_B vs from Q_T
A_component_finite_n,,,,dense,536,10.748502915387233,0.0004147601116004651,0.0006096645866318084,0.12468827930174564,0.0012191542930417227,,,i.i.d. draws from Q_B vs from Q_T
A_component_finite_n,,,,mom2,536,10.748502915387233,0.0007504622709906261,0.0019100219936161178,0.014962593516209476,0.0011328192955341587,,,i.i.d. draws from Q_B vs from Q_T
A_component_finite_n,,,,random,536,10.748502915387233,0.0697844322015635,0.07437676433713047,0.0024937655860349127,0.0015251198303594107,,,i.i.d. draws from Q_B vs from Q_T
A_component_finite_n,,,,sparse,5000,10.748502915387233,0.00041478197549871254,0.0003258654468236699,0.0024937655860349127,0.00017627883683896112,,,i.i.d. draws from Q_B vs from Q_T
A_component_finite_n,,,,dense,5000,10.748502915387233,0.0004147601116004651,0.0001560584129989273,0.0399002493765586,0.00012679537310694705,,,i.i.d. draws from Q_B vs from Q_T
A_component_finite_n,,,,mom2,5000,10.748502915387233,0.0007504622709906261,0.0004190106546553274,0.004987531172069825,0.00012682082539210434,,,i.i.d. draws from Q_B vs from Q_T
A_component_finite_n,,,,random,5000,10.748502915387233,0.0697844322015635,0.07452575486173663,0.0024937655860349127,0.0001877251753859878,,,i.i.d. draws from Q_B vs from Q_T
C_mixture_population,EDM,2.0,0.002,mom2,,10.748502915387233,3.0018490839625045e-09,,,,,311553052.25949043,"eps^2 * MMD^2(Q_B,Q_T)"
C_mixture_finite_n,EDM,2.0,0.002,mom2,20000,10.748502915387233,3.0018490839625045e-09,-1.9126643054923065e-05,0.7905236907730673,4.6761762226543684e-05,,311553052.25949043,"Q_1 vs Q_2, independent base draws"
C_mixture_population,EDM,2.0,0.002,sparse,,10.748502915387233,1.65912790199485e-09,,,,,441407381.50341696,"eps^2 * MMD^2(Q_B,Q_T)"
C_mixture_finite_n,EDM,2.0,0.002,sparse,20000,10.748502915387233,1.65912790199485e-09,-3.117610854697084e-05,0.9975062344139651,3.661756513994023e-05,,441407381.50341696,"Q_1 vs Q_2, independent base draws"
C_mixture_population,EDM,5.0,0.005,mom2,,10.748502915387233,1.8761556774765655e-08,,,,,40322586.943876244,"eps^2 * MMD^2(Q_B,Q_T)"
C_mixture_finite_n,EDM,5.0,0.005,mom2,20000,10.748502915387233,1.8761556774765655e-08,-4.7271500962509094e-06,0.5087281795511222,3.782572521264793e-05,,40322586.943876244,"Q_1 vs Q_2, independent base draws"
C_mixture_population,EDM,5.0,0.005,sparse,,10.748502915387233,1.0369549387467813e-08,,,,,93653389.88813137,"eps^2 * MMD^2(Q_B,Q_T)"
C_mixture_finite_n,EDM,5.0,0.005,sparse,20000,10.748502915387233,1.0369549387467813e-08,5.092177775112283e-05,0.04738154613466334,4.855717258743785e-05,,93653389.88813137,"Q_1 vs Q_2, independent base draws"
control_positive,EDM,,,,20000,10.748502915387233,,0.0022296905680672108,0.0024937655860349127,3.6408368715423646e-05,,,EDM vs real (must reject)
control_null,EDM,5.0,0.005,,20000,10.748502915387233,0.0,2.5775907186442737e-06,0.3541147132169576,4.3657342941061364e-05,,,Q_2 vs Q_2 (must not reject)
