base,c,eps,p,tau,M,arm,bulk_law,rho_law,fmd_law,delta_fmd_law,delta_rho_law,med_law,delta_med_law,moment_gap_mean,moment_gap_2nd_fro,rho_sample_mean,rho_sample_sd,fmd_sample_mean,fmd_sample_sd,delta_fmd_sample_mean,delta_fmd_sample_sd,yard_min_adjacent_zoo_fmd_gap,yard_median_adjacent_zoo_fmd_gap,yard_min_zoo_pair_mean_gap,yard_min_zoo_pair_2nd_gap
EDM,2.0,0.002,0.001,13.934952565857854,100000,Q2_tail,,3.80638,0.6440192160807214,0.0,0.0,0.4921656241188994,0.0,0.0,0.0,3.751,0.19122122150942222,0.637843197829352,0.01904767123449476,,,0.006146783820582868,0.10665904434117124,0.1492212034395285,2.205685506944819
EDM,2.0,0.002,0.001,13.934952565857854,100000,Q1_bulk,sparse,1.8063799999999999,0.6439869594982213,-3.22565825001675e-05,-2.0,0.49216540763037425,-2.1648852516209516e-07,1.9390566669319625e-05,0.019926341686545928,1.751,0.19122122150942236,0.6379925064751546,0.018715949451618846,0.00014930864580264824,0.0007795150723060622,0.006146783820582868,0.10665904434117124,0.1492212034395285,2.205685506944819
EDM,2.0,0.002,0.001,13.934952565857854,100000,Q1_bulk,dense,1.8063799999999999,0.6439869058389718,-3.231024174965569e-05,-2.0,0.49216540888642946,-2.1523246995780454e-07,1.93902510426788e-05,0.019925859638560098,1.751,0.19122122150942236,0.6377274336732028,0.018741221314824932,-0.00011576415614911184,0.0008096952796479955,0.006146783820582868,0.10665904434117124,0.1492212034395285,2.205685506944819
EDM,2.0,0.002,0.001,13.934952565857854,100000,Q1_bulk,mom2,1.8063799999999999,0.6436172861511409,-0.00040192992958054674,-2.0,0.49216005832695175,-5.565791947659271e-06,0.00035101892300509074,0.0177841075242487,1.751,0.19122122150942236,0.6378928883805912,0.019249700717035575,4.9690551239223166e-05,0.0012546083632119323,0.006146783820582868,0.10665904434117124,0.1492212034395285,2.205685506944819
EDM,2.0,0.002,0.001,13.934952565857854,100000,Q1_bulk,random,1.8063799999999999,0.6355756733697717,-0.008443542710949714,-2.0,0.48489071215110485,-0.007274911967794562,0.006986736524110752,0.1034077070372925,1.751,0.19122122150942236,0.6292433094761435,0.017796083164770677,-0.008599888353208485,0.0018573607046841278,0.006146783820582868,0.10665904434117124,0.1492212034395285,2.205685506944819
EDM,2.0,0.002,0.001,13.934952565857854,100000,Q0_base,,1.8099999999999998,0.6380257636267856,-0.005993452453935788,-1.99638,0.4867282613362267,-0.0054373627826727056,,,,,,,,,0.006146783820582868,0.10665904434117124,0.1492212034395285,2.205685506944819
EDM,5.0,0.005,0.001,13.934952565857854,100000,Q2_tail,,6.80095,0.6533310026878212,0.0,0.0,0.5004651832325455,0.0,0.0,0.0,6.855999999999999,0.1361535081361395,0.6537912910543042,0.0216236043667691,,,0.006146783820582868,0.10665904434117124,0.1492212034395285,2.205685506944819
EDM,5.0,0.005,0.001,13.934952565857854,100000,Q1_bulk,sparse,1.8009499999999998,0.6532198350681426,-0.00011116761967855382,-5.0,0.5004646025359534,-5.806965921451024e-07,4.8476416673337484e-05,0.04981585421636953,1.8559999999999999,0.13615350813613944,0.6549654494678748,0.022007625009843445,0.0011741584135705808,0.0018698796491362403,0.006146783820582868,0.10665904434117124,0.1492212034395285,2.205685506944819
EDM,5.0,0.005,0.001,13.934952565857854,100000,Q1_bulk,dense,1.8009499999999998,0.6532198015505912,-0.00011120113722995484,-5.0,0.5004646056119726,-5.776205729279837e-07,4.847562760666162e-05,0.04981464909639882,1.8559999999999999,0.13615350813613944,0.6542632764899793,0.02136003437225019,0.00047198543567503746,0.0018506198591269694,0.006146783820582868,0.10665904434117124,0.1492212034395285,2.205685506944819
EDM,5.0,0.005,0.001,13.934952565857854,100000,Q1_bulk,mom2,1.8009499999999998,0.652279454816977,-0.0010515478708441606,-5.0,0.5004471085960559,-1.8074636489617824e-05,0.0008775473075128692,0.04446026881061799,1.8559999999999999,0.13615350813613944,0.6540275134615655,0.020963764870933092,0.0002362224072612662,0.0021622126206035245,0.006146783820582868,0.10665904434117124,0.1492212034395285,2.205685506944819
EDM,5.0,0.005,0.001,13.934952565857854,100000,Q1_bulk,random,1.8009499999999998,0.6319112320306886,-0.02141977065713263,-5.0,0.4821413571353321,-0.01832382609721339,0.017466841310276652,0.25851926759323307,1.8559999999999999,0.13615350813613944,0.6335892476491779,0.02030986947518225,-0.020202043405126345,0.002205802878986836,0.006146783820582868,0.10665904434117124,0.1492212034395285,2.205685506944819
EDM,5.0,0.005,0.001,13.934952565857854,100000,Q0_base,,1.8099999999999998,0.6380257636267856,-0.015305239061035536,-4.990950000000001,0.4867282613362267,-0.01373692189631881,,,,,,,,,0.006146783820582868,0.10665904434117124,0.1492212034395285,2.205685506944819
StyleGAN-XL,2.0,0.002,0.001,13.934952565857854,100000,Q2_tail,,3.02794,0.3872285287619661,0.0,0.0,0.23448347989884463,0.0,0.0,0.0,3.0589999999999997,0.09267026371915518,0.3953766793973017,0.010092124706905344,,,0.006146783820582868,0.10665904434117124,0.1492212034395285,2.205685506944819
StyleGAN-XL,2.0,0.002,0.001,13.934952565857854,100000,Q1_bulk,sparse,1.02794,0.38717466991420224,-5.385884776387684e-05,-2.0,0.234483343580573,-1.3631827164295451e-07,1.939056666932162e-05,0.019926341686545848,1.059,0.09267026371915522,0.3949705490277239,0.010314718744175175,-0.0004061303695777951,0.0006918896166645764,0.006146783820582868,0.10665904434117124,0.1492212034395285,2.205685506944819
StyleGAN-XL,2.0,0.002,0.001,13.934952565857854,100000,Q1_bulk,dense,1.02794,0.3871747043671405,-5.3824394825596755e-05,-2.0,0.23448334610480098,-1.3379404364965986e-07,1.9390251042679407e-05,0.019925859638560025,1.059,0.09267026371915522,0.39489377957512206,0.01016346372061523,-0.000482899822179661,0.000839470661478775,0.006146783820582868,0.10665904434117124,0.1492212034395285,2.205685506944819
StyleGAN-XL,2.0,0.002,0.001,13.934952565857854,100000,Q1_bulk,mom2,1.02794,0.38686641603371186,-0.0003621127282542602,-2.0,0.2344206381498256,-6.28417490190214e-05,0.000351018923005089,0.01778410752424859,1.059,0.09267026371915522,0.3946302716903176,0.010414504993700445,-0.0007464077069840869,0.0008472776131292816,0.006146783820582868,0.10665904434117124,0.1492212034395285,2.205685506944819
StyleGAN-XL,2.0,0.002,0.001,13.934952565857854,100000,Q1_bulk,random,1.02794,0.38918848729329625,0.0019599585313301304,-2.0,0.23666516734037685,0.002181687441532215,0.006986736524110746,0.10340770703729307,1.059,0.09267026371915522,0.3973877173740476,0.010514091852886504,0.002011037976745911,0.0009456618675301995,0.006146783820582868,0.10665904434117124,0.1492212034395285,2.205685506944819
StyleGAN-XL,2.0,0.002,0.001,13.934952565857854,100000,Q0_base,,1.03,0.3908318106966817,0.0036032819347155964,-1.99794,0.23775047248280728,0.0032669925839626524,,,,,,,,,0.006146783820582868,0.10665904434117124,0.1492212034395285,2.205685506944819
StyleGAN-XL,5.0,0.005,0.001,13.934952565857854,100000,Q2_tail,,6.02485,0.38224570732251095,0.0,0.0,0.2297956616059069,0.0,0.0,0.0,5.918,0.10271860158272726,0.38251312426649803,0.011630947260559289,,,0.006146783820582868,0.10665904434117124,0.1492212034395285,2.205685506944819
StyleGAN-XL,5.0,0.005,0.001,13.934952565857854,100000,Q1_bulk,sparse,1.02485,0.38208361191533413,-0.00016209540717682103,-5.0,0.2297952807324662,-3.808734407029224e-07,4.8476416673342586e-05,0.04981585421636946,0.9179999999999999,0.10271860158272751,0.3817718170176505,0.01157931712763644,-0.0007413072488475336,0.0010094790703195342,0.006146783820582868,0.10665904434117124,0.1492212034395285,2.205685506944819
StyleGAN-XL,5.0,0.005,0.001,13.934952565857854,100000,Q1_bulk,dense,1.02485,0.38208354866316085,-0.00016215865935009788,-5.0,0.22979528696938678,-3.7463652011182624e-07,4.8475627606663856e-05,0.049814649096398725,0.9179999999999999,0.10271860158272751,0.3821713766131921,0.011602373090978793,-0.0003417476533059016,0.0012708420041799805,0.006146783820582868,0.10665904434117124,0.1492212034395285,2.205685506944819
StyleGAN-XL,5.0,0.005,0.001,13.934952565857854,100000,Q1_bulk,mom2,1.02485,0.3812946787139708,-0.0009510286085401276,-5.0,0.2296348275072781,-0.00016083409862879816,0.000877547307512853,0.044460268810618014,0.9179999999999999,0.10271860158272751,0.3807210658298402,0.011593264347000051,-0.0017920584366578397,0.0007268581964792612,0.006146783820582868,0.10665904434117124,0.1492212034395285,2.205685506944819
StyleGAN-XL,5.0,0.005,0.001,13.934952565857854,100000,Q1_bulk,random,1.02485,0.3867318625298992,0.004486155207388265,-5.0,0.23504226740318301,0.0052466057972761215,0.017466841310276513,0.2585192675932326,0.9179999999999999,0.10271860158272751,0.386688073756531,0.012360196218101418,0.004174949490032986,0.0014431737393387105,0.006146783820582868,0.10665904434117124,0.1492212034395285,2.205685506944819
StyleGAN-XL,5.0,0.005,0.001,13.934952565857854,100000,Q0_base,,1.03,0.3908318106966817,0.008586103374170762,-4.99485,0.23775047248280728,0.007954810876900392,,,,,,,,,0.006146783820582868,0.10665904434117124,0.1492212034395285,2.205685506944819
