config,p,M_sub,B,mean_rho,sd_rho,mean_ci_width,frac_ci_covers_full,full_rho
iDDPM,0.001,5000,200,0.16699999999999998,0.189977517844697,1.0158190379565495,0.945,0.17
iDDPM,0.001,10000,200,0.1605,0.11643683991092428,0.6107123108137809,0.995,0.17
iDDPM,0.001,20000,200,0.18075000000000002,0.0940006281386048,0.40982234527532674,0.97,0.17
iDDPM,0.001,50000,200,0.1711,0.04156232832359602,0.2402926939502716,1.0,0.17
iDDPM,0.001,100000,1,0.17,0.0,0.1661087239395482,1.0,0.17
iDDPM,0.0001,5000,200,0.13,0.4942889924327681,7.891205428116944,0.935,0.1
iDDPM,0.0001,10000,200,0.13,0.33714735904132886,4.054129163651365,0.87,0.1
iDDPM,0.0001,20000,200,0.105,0.2041651710880853,2.093321362536013,1.0,0.1
iDDPM,0.0001,50000,200,0.1,0.1002509414234171,0.9329415176589939,1.0,0.1
iDDPM,0.0001,100000,1,0.1,0.0,0.548833513295952,1.0,0.1
EDM,0.001,5000,200,1.846,0.5789298739873205,2.4729529311135825,0.95,1.81
EDM,0.001,10000,200,1.7885000000000002,0.40613109005782577,1.6895093004686643,0.97,1.81
EDM,0.001,20000,200,1.8184999999999998,0.2706919293274461,1.1930965152934017,0.965,1.81
EDM,0.001,50000,200,1.8011000000000001,0.12893374092043824,0.7467556523262963,0.995,1.81
EDM,0.001,100000,1,1.81,0.0,0.5282828480336439,1.0,1.81
EDM,0.0001,5000,200,1.79,1.7525000089606377,10.380537014806709,0.96,1.7
EDM,0.0001,10000,200,1.74,1.300328524395579,6.241683894469038,0.97,1.7
EDM,0.0001,20000,200,1.745,0.8725144165199655,4.047496094243512,0.99,1.7
EDM,0.0001,50000,200,1.7399999999999998,0.3949429066301704,2.423295804306316,1.0,1.7
EDM,0.0001,100000,1,1.7,0.0,1.661087239395482,1.0,1.7
EDM-churn,0.001,5000,200,1.989,0.5155657476995587,2.5650458625330748,0.99,1.986228813559322
EDM-churn,0.001,10000,200,2.0105,0.24544032833637863,1.7936457500532503,1.0,1.986228813559322
EDM-churn,0.0001,5000,200,2.09,1.6077388222603242,10.85606033297897,0.975,1.986228813559322
EDM-churn,0.0001,10000,200,1.995,0.7925374299611642,6.666747624632356,1.0,1.986228813559322
EDM2-S,0.001,5000,200,1.375,0.5135109223148846,2.158642184549707,0.93,1.47
EDM2-S,0.001,10000,200,1.459,0.3407337633511496,1.534513618577313,0.97,1.47
EDM2-S,0.001,20000,200,1.4785,0.24456452940936907,1.0785101414662461,0.975,1.47
EDM2-S,0.001,50000,200,1.4738,0.12763626081712393,0.6762100696800667,1.0,1.47
EDM2-S,0.001,100000,1,1.47,0.0,0.47645815594722507,1.0,1.47
EDM2-S,0.0001,5000,200,0.85,1.2267946550373214,9.026999926042013,0.945,0.8
EDM2-S,0.0001,10000,200,0.89,0.9339493061899362,5.170766054446799,0.94,0.8
EDM2-S,0.0001,20000,200,0.7925,0.5565451125574258,3.0480717519116776,0.99,0.8
EDM2-S,0.0001,50000,200,0.784,0.2616991252580031,1.7147977123312876,1.0,0.8
EDM2-S,0.0001,100000,1,0.8,0.0,1.173322967050946,1.0,0.8
EDM2-M,0.001,5000,200,0.8140000000000001,0.38801647377347004,1.7219426232918025,0.975,0.82
EDM2-M,0.001,10000,200,0.7985,0.2681553401149431,1.158377593520489,0.975,0.82
EDM2-M,0.001,20000,200,0.8252499999999999,0.18135430632359012,0.814076368761604,0.96,0.82
EDM2-M,0.001,50000,200,0.8172,0.090338058558509,0.5060112398879848,1.0,0.82
EDM2-M,0.001,100000,1,0.82,0.0,0.3568853587930555,1.0,0.82
EDM2-M,0.0001,5000,200,0.51,1.0024592875102598,8.496832160163345,0.99,0.5
EDM2-M,0.0001,10000,200,0.435,0.669339282708616,4.5190409618491945,0.92,0.5
EDM2-M,0.0001,20000,200,0.475,0.44198615226494353,2.6366609139026083,0.955,0.5
EDM2-M,0.0001,50000,200,0.493,0.21489976628125654,1.4297447383271185,1.0,0.5
EDM2-M,0.0001,100000,1,0.5,0.0,0.9569692399766596,1.0,0.5
StyleGAN-XL,0.001,5000,200,1.041,0.4334262237766497,1.912605498536634,0.975,1.03
StyleGAN-XL,0.001,10000,200,1.082,0.30992947811887006,1.3313327539787914,0.945,1.03
StyleGAN-XL,0.001,20000,200,1.048,0.2080563317612075,0.9127889665788729,0.98,1.03
StyleGAN-XL,0.001,50000,200,1.0281,0.10842124251799427,0.5662380270373345,0.99,1.03
StyleGAN-XL,0.001,100000,1,1.03,0.0,0.39946767861816224,1.0,1.03
StyleGAN-XL,0.0001,5000,200,0.66,1.0630382172134178,8.739822254102073,0.97,0.6
StyleGAN-XL,0.0001,10000,200,0.635,0.6958419216312693,4.837551176056084,0.995,0.6
StyleGAN-XL,0.0001,20000,200,0.59,0.5056465088970742,2.7881045436373637,0.97,0.6
StyleGAN-XL,0.0001,50000,200,0.588,0.250939941562432,1.5266295214723857,1.0,0.6
StyleGAN-XL,0.0001,100000,1,0.6,0.0,1.0341302717201393,1.0,0.6
DiT-cfg1.5,0.001,5000,200,0.9400000000000001,0.4,1.8307980981673204,0.985,0.98
DiT-cfg1.5,0.001,10000,200,0.959,0.30128535364602116,1.2584872019229782,0.97,0.98
DiT-cfg1.5,0.001,20000,200,0.9960000000000001,0.16949229537343216,0.8920655829334457,0.995,0.98
DiT-cfg1.5,0.001,50000,1,0.98,0.0,0.5538432100812081,1.0,0.98
DiT-cfg1.5,0.0001,5000,200,0.57,0.9899494936611665,8.5995526803137,0.98,0.6
DiT-cfg1.5,0.0001,10000,200,0.595,0.7305088747444496,4.7667532344643515,0.98,0.6
DiT-cfg1.5,0.0001,20000,200,0.565,0.43499552357195376,2.7680592652549354,1.0,0.6
DiT-cfg1.5,0.0001,50000,1,0.6,0.0,1.5600637751919093,1.0,0.6
DiT-cfg1.0,0.001,5000,200,0.657,0.32415487333919224,1.5816305459256477,0.975,0.64
DiT-cfg1.0,0.001,10000,200,0.6094999999999999,0.2206881653638416,1.0268331858787048,0.99,0.64
DiT-cfg1.0,0.001,20000,200,0.6345,0.14127826350395686,0.7197478758910876,0.99,0.64
DiT-cfg1.0,0.001,50000,1,0.64,0.0,0.4499289792194059,1.0,0.64
DiT-cfg1.0,0.0001,5000,200,0.22,0.62734985390608,8.039292848946946,0.89,0.2
DiT-cfg1.0,0.0001,10000,200,0.17,0.37657541771354464,4.119976667031659,1.0,0.2
DiT-cfg1.0,0.0001,20000,200,0.22,0.24881629315359047,2.282677338524745,1.0,0.2
DiT-cfg1.0,0.0001,50000,1,0.2,0.0,1.0976220623450628,1.0,0.2
