seed,p,e_inherited_continuous,e_rankgrid_M100k,e_forward,Fhat_inv_threshold
8000,0.001,0.9904891752355715,0.99,1.0081698756991289,13.926549533637724
8000,0.0001,0.6875763541740023,0.6,1.2856478231392559,15.838503061053258
8001,0.001,0.9055627015206108,0.8999999999999999,1.1052871573031733,13.873171156084938
8001,0.0001,0.8704537390090797,0.8,1.082163995016496,15.995986860540553
8002,0.001,1.0745427716336866,1.07,0.9203018590097553,14.008951968690864
8002,0.0001,0.7751119560810302,0.7,1.2116537038218886,15.955599500879346
8003,0.001,1.064173006591402,1.0599999999999998,0.9397253153305641,13.992986682264892
8003,0.0001,1.0370402843259083,1.0,0.9711728160404453,16.07405823405747
8004,0.001,1.1430740510029784,1.14,0.8833047993510715,14.045759989827213
8004,0.0001,1.04097925073767,1.0,0.9434250212964324,16.07075948695757
