variant,config,M,k,rho,lo,hi,verdict
default,iDDPM,100000,17,0.17,0.10614636969491827,0.2722550936344665,under
default,EDM,100000,181,1.8099999999999998,1.5649963078280715,2.0932791558617154,over
default,EDM-churn,15104,30,1.986228813559322,1.391691453327841,2.8340346093547324,over
default,EDM2-S,100000,147,1.47,1.2509217148095317,1.727379870756757,over
default,EDM2-M,100000,82,0.82,0.6607330828273907,1.0176184416204461,calibrated
default,StyleGAN-XL,100000,103,1.03,0.8494338558647412,1.2489015344829033,calibrated
default,DiT-cfg1.5,19200,19,0.9895833333333334,0.633634720537457,1.545179335083581,calibrated
default,DiT-cfg1.0,43200,29,0.6712962962962963,0.46745869963214415,0.9639325310958194,under
K30,iDDPM,100000,14,0.13999999999999999,0.08339955678918715,0.23500421141165362,under
K30,EDM,100000,153,1.5299999999999998,1.3061444505811768,1.7921525252421997,over
K30,EDM-churn,15104,24,1.5889830508474576,1.0680577984516966,2.3633787609572927,over
K30,EDM2-S,100000,117,1.17,0.9764192746007119,1.4019053596801374,calibrated
K30,EDM2-M,100000,104,1.0399999999999998,0.8584761505332561,1.2598584715239025,calibrated
K30,StyleGAN-XL,100000,75,0.75,0.5984239548933321,0.9399329475879022,under
K30,DiT-cfg1.5,19200,18,0.9375,0.5931138615694276,1.481554365229527,calibrated
K30,DiT-cfg1.0,43200,19,0.4398148148148148,0.28159368038130533,0.6868757531331439,under
K100,iDDPM,100000,15,0.15,0.09090710734703478,0.24749589256332064,under
K100,EDM,100000,161,1.61,1.3799178948237176,1.878372934675776,over
K100,EDM-churn,15104,30,1.986228813559322,1.391691453327841,2.8340346093547324,over
K100,EDM2-S,100000,120,1.2,1.0037330735952545,1.4345892558141384,over
K100,EDM2-M,100000,77,0.7699999999999999,0.6161915816645748,0.9621637842356889,under
K100,StyleGAN-XL,100000,133,1.33,1.1224618287955488,1.5758505128375349,over
K100,DiT-cfg1.5,19200,12,0.625,0.357570802008871,1.0922224518575847,calibrated
K100,DiT-cfg1.0,43200,18,0.4166666666666667,0.2635866069112409,0.6585906468818568,under
seed8001,iDDPM,100000,17,0.17,0.10614636969491827,0.2722550936344665,under
seed8001,EDM,100000,175,1.75,1.5093822380012847,2.028897835431414,over
seed8001,EDM-churn,15104,30,1.986228813559322,1.391691453327841,2.8340346093547324,over
seed8001,EDM2-S,100000,140,1.4,1.1866198339718732,1.651687129627813,over
seed8001,EDM2-M,100000,79,0.79,0.6339877205787896,0.9843661087405036,under
seed8001,StyleGAN-XL,100000,98,0.98,0.8042932072536031,1.1940460245464677,calibrated
seed8001,DiT-cfg1.5,19200,19,0.9895833333333334,0.633634720537457,1.545179335083581,calibrated
seed8001,DiT-cfg1.0,43200,26,0.6018518518518519,0.41076825094541336,0.881746440618496,under
seed8002,iDDPM,100000,17,0.17,0.10614636969491827,0.2722550936344665,under
seed8002,EDM,100000,182,1.82,1.5742724236838608,2.1040022717154407,over
seed8002,EDM-churn,15104,30,1.986228813559322,1.391691453327841,2.8340346093547324,over
seed8002,EDM2-S,100000,148,1.48,1.2601188398166605,1.7381819774591425,over
seed8002,EDM2-M,100000,80,0.8,0.6428961474845637,0.9954569135442439,under
seed8002,StyleGAN-XL,100000,104,1.0399999999999998,0.8584761505332561,1.2598584715239025,calibrated
seed8002,DiT-cfg1.5,19200,20,1.0416666666666667,0.6744423902722866,1.6085174941708342,calibrated
seed8002,DiT-cfg1.0,43200,27,0.625,0.42958956354334077,0.9092173077419201,under
fixedq0.98,iDDPM,100000,17,0.17,0.10614636969491827,0.2722550936344665,under
fixedq0.98,EDM,100000,181,1.8099999999999998,1.5649963078280715,2.0932791558617154,over
fixedq0.98,EDM-churn,15104,30,1.986228813559322,1.391691453327841,2.8340346093547324,over
fixedq0.98,EDM2-S,100000,147,1.47,1.2509217148095317,1.727379870756757,over
fixedq0.98,EDM2-M,100000,82,0.82,0.6607330828273907,1.0176184416204461,calibrated
fixedq0.98,StyleGAN-XL,100000,103,1.03,0.8494338558647412,1.2489015344829033,calibrated
fixedq0.98,DiT-cfg1.5,19200,19,0.9895833333333334,0.633634720537457,1.545179335083581,calibrated
fixedq0.98,DiT-cfg1.0,43200,29,0.6712962962962963,0.46745869963214415,0.9639325310958194,under
fixedq0.995,iDDPM,100000,17,0.17,0.10614636969491827,0.2722550936344665,under
fixedq0.995,EDM,100000,181,1.8099999999999998,1.5649963078280715,2.0932791558617154,over
fixedq0.995,EDM-churn,15104,30,1.986228813559322,1.391691453327841,2.8340346093547324,over
fixedq0.995,EDM2-S,100000,147,1.47,1.2509217148095317,1.727379870756757,over
fixedq0.995,EDM2-M,100000,82,0.82,0.6607330828273907,1.0176184416204461,calibrated
fixedq0.995,StyleGAN-XL,100000,103,1.03,0.8494338558647412,1.2489015344829033,calibrated
fixedq0.995,DiT-cfg1.5,19200,19,0.9895833333333334,0.633634720537457,1.545179335083581,calibrated
fixedq0.995,DiT-cfg1.0,43200,29,0.6712962962962963,0.46745869963214415,0.9639325310958194,under
