seed,config,M,sample_set,depth,pc,n_g,n_h,sd_gen,sd_real,sd_ratio,ratio_lo,ratio_hi,p_bf,p_perm,p_holm,reject_05
20260816,iDDPM,100000,single,0.001,PC1,100,1082,0.7468329871246062,1.6808469472613219,0.444319447610298,0.3393714112167803,0.547427030918115,8.97185524104212e-07,9.999000099990002e-05,0.0031996800319968005,1
20260816,iDDPM,100000,single,0.001,PC2,100,1082,0.8795445806995974,1.29502485678288,0.6791719680845163,0.5734403268691347,0.7798297260365338,8.228559410408246e-05,9.999000099990002e-05,0.0031996800319968005,1
20260816,iDDPM,100000,single,0.01,PC1,1000,10812,0.7934554374978217,1.4527521116697668,0.5461740038951576,0.505605637941334,0.5879997487286915,1.6062499956717146e-27,9.999000099990002e-05,0.0031996800319968005,1
20260816,iDDPM,100000,single,0.01,PC2,1000,10812,1.01834975428849,1.2713334205116174,0.8010091907114971,0.7632622709381952,0.8351496437057843,1.4043150729779596e-16,9.999000099990002e-05,0.0031996800319968005,1
20260816,EDM,100000,single,0.001,PC1,100,1082,0.8192851009417256,1.6808469472613219,0.4874239753218596,0.3741000632978499,0.6055259992400117,4.501627158120389e-06,9.999000099990002e-05,0.0031996800319968005,1
20260816,EDM,100000,single,0.001,PC2,100,1082,1.0404087852996509,1.29502485678288,0.8033890468204988,0.6761468158991987,0.9102634791175854,0.01537160937818117,0.004199580041995801,0.023997600239976002,1
20260816,EDM,100000,single,0.01,PC1,1000,10812,0.9104694772110918,1.4527521116697668,0.6267204637993021,0.5735244227887405,0.6787775245857447,2.0287739148082052e-18,9.999000099990002e-05,0.0031996800319968005,1
20260816,EDM,100000,single,0.01,PC2,1000,10812,1.1230626297564676,1.2713334205116174,0.8833737960766564,0.8407730589498383,0.925463695564437,4.635131842633191e-08,9.999000099990002e-05,0.0031996800319968005,1
20260816,EDM-churn,15104,single,0.001,PC1,16,1082,0.9073615294829077,1.6808469472613219,0.5398240041791502,0.3210942082887532,0.7008867416344589,0.10739849250275799,0.058394160583941604,0.17518248175182483,0
20260816,EDM-churn,15104,single,0.001,PC2,16,1082,0.9717700689126682,1.29502485678288,0.7503871943637853,0.5126344795114299,0.8776163800297374,0.31496857996422073,0.1274872512748725,0.254974502549745,0
20260816,EDM-churn,15104,single,0.01,PC1,152,10812,0.9181451396200988,1.4527521116697668,0.6320039958949359,0.5233735766349729,0.7440483186708764,0.0012739175452262065,0.00029997000299970003,0.0044995500449955,1
20260816,EDM-churn,15104,single,0.01,PC2,152,10812,1.269984817099496,1.2713334205116174,0.9989392213007516,0.8819361784374325,1.1080854069915986,0.7852364879318102,0.985001499850015,0.985001499850015,0
20260816,EDM2-S,100000,single,0.001,PC1,100,1082,1.068450424219282,1.6808469472613219,0.6356619357640834,0.4448486966916623,0.8113538712948027,0.00023578180391221632,0.0005999400059994001,0.0065993400659934,1
20260816,EDM2-S,100000,single,0.001,PC2,100,1082,1.0303694110132124,1.29502485678288,0.7956367830443591,0.6578019066318472,0.9269724875335676,0.004985236990675274,0.0029997000299970002,0.023997600239976002,1
20260816,EDM2-S,100000,single,0.01,PC1,1000,10812,1.0066570814092093,1.4527521116697668,0.692931074285052,0.6395010826516151,0.7508528844209681,3.689469857417368e-13,9.999000099990002e-05,0.0031996800319968005,1
20260816,EDM2-S,100000,single,0.01,PC2,1000,10812,1.1613711064939378,1.2713334205116174,0.9135063137304863,0.8665302501060251,0.9584548962916993,1.243182793637481e-05,0.0004999500049995,0.0064993500649935,1
20260816,EDM2-M,100000,single,0.001,PC1,100,1082,1.1777163066021707,1.6808469472613219,0.7006683794268573,0.4925523751973235,0.9032873706898756,0.0013344516521780246,0.0020997900209979003,0.018898110188981104,1
20260816,EDM2-M,100000,single,0.001,PC2,100,1082,1.1134516215748265,1.29502485678288,0.859791698779342,0.7211851627178655,0.9771101986518057,0.11625043323378237,0.0418958104189581,0.1675832416758324,0
20260816,EDM2-M,100000,single,0.01,PC1,1000,10812,1.0325237024130376,1.4527521116697668,0.7107363287369609,0.6525202646946959,0.7710861400214586,7.856390390310102e-13,9.999000099990002e-05,0.0031996800319968005,1
20260816,EDM2-M,100000,single,0.01,PC2,1000,10812,1.1877293789298753,1.2713334205116174,0.9342390908373213,0.8838471587384952,0.9790821951588949,0.0009001528673404278,0.0036996300369963003,0.023997600239976002,1
20260816,StyleGAN-XL,100000,single,0.001,PC1,100,1082,0.6711916687427036,1.6808469472613219,0.39931754038421274,0.3353603266152961,0.46150052472623165,1.0797803440400182e-06,9.999000099990002e-05,0.0031996800319968005,1
20260816,StyleGAN-XL,100000,single,0.001,PC2,100,1082,0.9656244875882501,1.29502485678288,0.7456416628072058,0.6269103396402932,0.8605660596056751,0.004618108614240632,0.00029997000299970003,0.0044995500449955,1
20260816,StyleGAN-XL,100000,single,0.01,PC1,1000,10812,0.7079359356753577,1.4527521116697668,0.48730676760928543,0.45596898721253104,0.5174188908439736,7.153742823146014e-31,9.999000099990002e-05,0.0031996800319968005,1
20260816,StyleGAN-XL,100000,single,0.01,PC2,1000,10812,1.0703486643597242,1.2713334205116174,0.8419102708154941,0.8016642971302191,0.879983492690918,4.3496000633704713e-10,9.999000099990002e-05,0.0031996800319968005,1
20260816,DiT-cfg1.5,50000,final,0.001,PC1,50,1082,0.7369823723725524,1.6808469472613219,0.43845894093650245,0.3184189759452504,0.5606024708027467,0.0010740122009202156,0.00019998000199980003,0.0031996800319968005,1
20260816,DiT-cfg1.5,50000,final,0.001,PC2,50,1082,0.9314664612867504,1.29502485678288,0.7192653147992181,0.5814871562521975,0.8420216456325288,0.016080012819299227,0.0030996900309969004,0.023997600239976002,1
20260816,DiT-cfg1.5,50000,final,0.01,PC1,500,10812,0.8183289685702413,1.4527521116697668,0.5632956662025904,0.5112671415444805,0.6197080487680006,1.9012320699637944e-12,9.999000099990002e-05,0.0031996800319968005,1
20260816,DiT-cfg1.5,50000,final,0.01,PC2,500,10812,1.0782511139436688,1.2713334205116174,0.8481261457830258,0.7980925837787956,0.8979085178231165,4.4615401588229075e-06,9.999000099990002e-05,0.0031996800319968005,1
20260816,DiT-cfg1.0,50000,final,0.001,PC1,50,1082,0.8574093879250758,1.6808469472613219,0.5101055686968351,0.37462480352599936,0.6382111111284959,0.005955230644941885,0.0004999500049995,0.0064993500649935,1
20260816,DiT-cfg1.0,50000,final,0.001,PC2,50,1082,0.887424818815052,1.29502485678288,0.6852569772441326,0.5675127439397286,0.7912454072286415,0.008701425537191219,0.000999900009999,0.00999900009999,1
20260816,DiT-cfg1.0,50000,final,0.01,PC1,500,10812,0.7968988949734707,1.4527521116697668,0.548544303306866,0.48860665630118055,0.6121353693776771,8.203610825104592e-15,9.999000099990002e-05,0.0031996800319968005,1
20260816,DiT-cfg1.0,50000,final,0.01,PC2,500,10812,1.0570221841546805,1.2713334205116174,0.8314279850594248,0.7806608877300375,0.8805621167629796,2.6862451467632625e-06,9.999000099990002e-05,0.0031996800319968005,1
987654321,iDDPM,100000,single,0.001,PC1,100,1082,0.7468329871246062,1.6808469472613219,0.444319447610298,0.34415435489649465,0.5449123314810644,8.97185524104212e-07,9.999000099990002e-05,0.0031996800319968005,1
987654321,iDDPM,100000,single,0.001,PC2,100,1082,0.8795445806995974,1.29502485678288,0.6791719680845163,0.5691349978555633,0.7826721297562215,8.228559410408246e-05,9.999000099990002e-05,0.0031996800319968005,1
987654321,iDDPM,100000,single,0.01,PC1,1000,10812,0.7934554374978217,1.4527521116697668,0.5461740038951576,0.5058219019312504,0.5882957669440595,1.6062499956717146e-27,9.999000099990002e-05,0.0031996800319968005,1
987654321,iDDPM,100000,single,0.01,PC2,1000,10812,1.01834975428849,1.2713334205116174,0.8010091907114971,0.7655051115466982,0.8378735533214112,1.4043150729779596e-16,9.999000099990002e-05,0.0031996800319968005,1
987654321,EDM,100000,single,0.001,PC1,100,1082,0.8192851009417256,1.6808469472613219,0.4874239753218596,0.37286677286446834,0.6041168780140367,4.501627158120389e-06,9.999000099990002e-05,0.0031996800319968005,1
987654321,EDM,100000,single,0.001,PC2,100,1082,1.0404087852996509,1.29502485678288,0.8033890468204988,0.6871725516601975,0.9164969519852855,0.01537160937818117,0.0046995300469953,0.024297570242975703,1
987654321,EDM,100000,single,0.01,PC1,1000,10812,0.9104694772110918,1.4527521116697668,0.6267204637993021,0.5775406814623595,0.6794982733617652,2.0287739148082052e-18,9.999000099990002e-05,0.0031996800319968005,1
987654321,EDM,100000,single,0.01,PC2,1000,10812,1.1230626297564676,1.2713334205116174,0.8833737960766564,0.8392953231283569,0.9243172872355705,4.635131842633191e-08,9.999000099990002e-05,0.0031996800319968005,1
987654321,EDM-churn,15104,single,0.001,PC1,16,1082,0.9073615294829077,1.6808469472613219,0.5398240041791502,0.2976311082474862,0.7072603495923874,0.10739849250275799,0.05749425057494251,0.17478252174782521,0
987654321,EDM-churn,15104,single,0.001,PC2,16,1082,0.9717700689126682,1.29502485678288,0.7503871943637853,0.5426004888281508,0.8729091850381506,0.31496857996422073,0.13188681131886812,0.26377362263773624,0
987654321,EDM-churn,15104,single,0.01,PC1,152,10812,0.9181451396200988,1.4527521116697668,0.6320039958949359,0.5238492798020574,0.7467056465923886,0.0012739175452262065,0.00019998000199980003,0.0031996800319968005,1
987654321,EDM-churn,15104,single,0.01,PC2,152,10812,1.269984817099496,1.2713334205116174,0.9989392213007516,0.8832468288595158,1.106088233789703,0.7852364879318102,0.985001499850015,0.985001499850015,0
987654321,EDM2-S,100000,single,0.001,PC1,100,1082,1.068450424219282,1.6808469472613219,0.6356619357640834,0.4436186040814747,0.8111560097293278,0.00023578180391221632,0.0006999300069993001,0.008399160083991601,1
987654321,EDM2-S,100000,single,0.001,PC2,100,1082,1.0303694110132124,1.29502485678288,0.7956367830443591,0.6605073081224146,0.9314895282193693,0.004985236990675274,0.0032996700329967,0.024297570242975703,1
987654321,EDM2-S,100000,single,0.01,PC1,1000,10812,1.0066570814092093,1.4527521116697668,0.692931074285052,0.636078597732095,0.7499624601555132,3.689469857417368e-13,9.999000099990002e-05,0.0031996800319968005,1
987654321,EDM2-S,100000,single,0.01,PC2,1000,10812,1.1613711064939378,1.2713334205116174,0.9135063137304863,0.8675168305958039,0.9565765916183079,1.243182793637481e-05,0.00029997000299970003,0.0038996100389961006,1
987654321,EDM2-M,100000,single,0.001,PC1,100,1082,1.1777163066021707,1.6808469472613219,0.7006683794268573,0.4988816253938163,0.8949445119941972,0.0013344516521780246,0.0026997300269973002,0.024297570242975703,1
987654321,EDM2-M,100000,single,0.001,PC2,100,1082,1.1134516215748265,1.29502485678288,0.859791698779342,0.7249147987617427,0.992339716854567,0.11625043323378237,0.043695630436956304,0.17478252174782521,0
987654321,EDM2-M,100000,single,0.01,PC1,1000,10812,1.0325237024130376,1.4527521116697668,0.7107363287369609,0.6468871586059093,0.7705384248664358,7.856390390310102e-13,9.999000099990002e-05,0.0031996800319968005,1
987654321,EDM2-M,100000,single,0.01,PC2,1000,10812,1.1877293789298753,1.2713334205116174,0.9342390908373213,0.8857193518771291,0.9809969648718033,0.0009001528673404278,0.0035996400359964,0.024297570242975703,1
987654321,StyleGAN-XL,100000,single,0.001,PC1,100,1082,0.6711916687427036,1.6808469472613219,0.39931754038421274,0.3360449957175489,0.46129249760686697,1.0797803440400182e-06,9.999000099990002e-05,0.0031996800319968005,1
987654321,StyleGAN-XL,100000,single,0.001,PC2,100,1082,0.9656244875882501,1.29502485678288,0.7456416628072058,0.6306289228502575,0.8546655299267878,0.004618108614240632,0.00019998000199980003,0.0031996800319968005,1
987654321,StyleGAN-XL,100000,single,0.01,PC1,1000,10812,0.7079359356753577,1.4527521116697668,0.48730676760928543,0.45505482086908555,0.5194458094848007,7.153742823146014e-31,9.999000099990002e-05,0.0031996800319968005,1
987654321,StyleGAN-XL,100000,single,0.01,PC2,1000,10812,1.0703486643597242,1.2713334205116174,0.8419102708154941,0.8036464755755865,0.8843842239523535,4.3496000633704713e-10,9.999000099990002e-05,0.0031996800319968005,1
987654321,DiT-cfg1.5,50000,final,0.001,PC1,50,1082,0.7369823723725524,1.6808469472613219,0.43845894093650245,0.32568304348076793,0.5538768033260147,0.0010740122009202156,0.00019998000199980003,0.0031996800319968005,1
987654321,DiT-cfg1.5,50000,final,0.001,PC2,50,1082,0.9314664612867504,1.29502485678288,0.7192653147992181,0.5792548822340022,0.8398764930816018,0.016080012819299227,0.0027997200279972004,0.024297570242975703,1
987654321,DiT-cfg1.5,50000,final,0.01,PC1,500,10812,0.8183289685702413,1.4527521116697668,0.5632956662025904,0.5091090738892543,0.621147941494363,1.9012320699637944e-12,9.999000099990002e-05,0.0031996800319968005,1
987654321,DiT-cfg1.5,50000,final,0.01,PC2,500,10812,1.0782511139436688,1.2713334205116174,0.8481261457830258,0.7958505693225818,0.8996688188970278,4.4615401588229075e-06,9.999000099990002e-05,0.0031996800319968005,1
987654321,DiT-cfg1.0,50000,final,0.001,PC1,50,1082,0.8574093879250758,1.6808469472613219,0.5101055686968351,0.37169575325014936,0.6319723908209257,0.005955230644941885,0.0006999300069993001,0.008399160083991601,1
987654321,DiT-cfg1.0,50000,final,0.001,PC2,50,1082,0.887424818815052,1.29502485678288,0.6852569772441326,0.5645078629397504,0.7945513482861929,0.008701425537191219,0.0008999100089991,0.008999100089991,1
987654321,DiT-cfg1.0,50000,final,0.01,PC1,500,10812,0.7968988949734707,1.4527521116697668,0.548544303306866,0.4912002565642336,0.6079877349707131,8.203610825104592e-15,9.999000099990002e-05,0.0031996800319968005,1
987654321,DiT-cfg1.0,50000,final,0.01,PC2,500,10812,1.0570221841546805,1.2713334205116174,0.8314279850594248,0.7793675267453251,0.8791610596358099,2.6862451467632625e-06,9.999000099990002e-05,0.0031996800319968005,1
